ROW\COL,A,B,C,D,E,F,G,H,I,J,K,L,M,N,O,P,Q,R,S,T,U,V,W,X,Y,Z,AA,AB,AC,AD,AE,AF,AG,AH,AI,AJ,AK,AL,AM,AN,AO,AP,AQ,AR,AS,AT,AU,AV,AW,AX,AY,AZ,BA,BB,BC,BD,BE,BF,BG,BH,BI,BJ,BK,BL,BM,BN,BO,BP
1,Row Labels,,,,April,May,June,July,August,September,October,November,December,January,February,March,,April,May,June,July,August,September,October,November,December,January,February,March,,April,May,June,July,August,September,October,November,December,January,February,March,,April,May,June,July,August,September,October,November,December,January,February,March,,April,May,June,July,August,September,October,November,December,January,February,March
2,1190011201,"=VLOOKUP(A2,'Aji Plus'!$A$2:$D$58,2,0)","=VLOOKUP(A2,'Aji Plus'!$A$2:$D$58,3,0)","=VLOOKUP(A2,'Aji Plus'!$A$2:$D$58,4,0)",1756.453030802277,1210.6781931555129,1558.7693987612354,1293.701743863527,1850.737041563263,1943.6805213655607,1910.3459848595444,2715.558247377531,1389.5943917749369,1503.7182607244895,1637.4138816708726,2655.9493040812495,,"=VLOOKUP(A2,Actual_RDM!$A$2:$H$63,3,0)","=VLOOKUP(A2,Actual_RDM!$A$2:$H$63,4,0)","=VLOOKUP(A2,Actual_RDM!$A$2:$H$63,5,0)","=VLOOKUP(A2,Actual_RDM!$A$2:$H$63,6,0)","=VLOOKUP(A2,Actual_RDM!$A$2:$H$63,7,0)","=VLOOKUP(A2,Actual_RDM!$A$2:$H$63,8,0)",,,,,,,,=R2/E2,=S2/F2,=T2/G2,=U2/H2,=V2/I2,=W2/J2,=X2/K2,=Y2/L2,=Z2/M2,=AA2/N2,=AB2/O2,=AC2/P2,,"=ROUND(AE2,4)","=ROUND(AF2,4)","=ROUND(AG2,4)","=ROUND(AH2,4)","=ROUND(AI2,4)","=ROUND(AJ2,4)","=ROUND(AK2,4)","=ROUND(AL2,4)","=ROUND(AM2,4)","=ROUND(AN2,4)","=ROUND(AO2,4)","=ROUND(AP2,4)",,"=IFERROR(VLOOKUP(AR2,'Top WS'!$A$19:$D$28,4),0)","=IFERROR(VLOOKUP(AS2,'Top WS'!$A$19:$D$28,4),0)","=IFERROR(VLOOKUP(AT2,'Top WS'!$A$19:$D$28,4),0)","=IFERROR(VLOOKUP(AU2,'Top WS'!$A$19:$D$28,4),0)","=IFERROR(VLOOKUP(AV2,'Top WS'!$A$19:$D$28,4),0)","=IFERROR(VLOOKUP(AW2,'Top WS'!$A$19:$D$28,4),0)","=IFERROR(VLOOKUP(AX2,'Top WS'!$A$19:$D$28,4),0)","=IFERROR(VLOOKUP(AY2,'Top WS'!$A$19:$D$28,4),0)","=IFERROR(VLOOKUP(AZ2,'Top WS'!$A$19:$D$28,4),0)","=IFERROR(VLOOKUP(BA2,'Top WS'!$A$19:$D$28,4),0)","=IFERROR(VLOOKUP(BB2,'Top WS'!$A$19:$D$28,4),0)","=IFERROR(VLOOKUP(BC2,'Top WS'!$A$19:$D$28,4),0)"
3,1190011214,"=VLOOKUP(A3,'Aji Plus'!$A$2:$D$58,2,0)","=VLOOKUP(A3,'Aji Plus'!$A$2:$D$58,3,0)","=VLOOKUP(A3,'Aji Plus'!$A$2:$D$58,4,0)",385.56286042001204,265.7586277658443,342.1688924110029,283.98330962857915,406.2593505870577,426.66157786073285,419.3442405789244,596.0981518633605,305.03291526766907,330.0844962565953,359.43231548872814,583.0132618714938,,"=VLOOKUP(A3,Actual_RDM!$A$2:$H$63,3,0)","=VLOOKUP(A3,Actual_RDM!$A$2:$H$63,4,0)","=VLOOKUP(A3,Actual_RDM!$A$2:$H$63,5,0)","=VLOOKUP(A3,Actual_RDM!$A$2:$H$63,6,0)","=VLOOKUP(A3,Actual_RDM!$A$2:$H$63,7,0)","=VLOOKUP(A3,Actual_RDM!$A$2:$H$63,8,0)",,,,,,,,=R3/E3,=S3/F3,=T3/G3,=U3/H3,=V3/I3,=W3/J3,=X3/K3,=Y3/L3,=Z3/M3,=AA3/N3,=AB3/O3,=AC3/P3,,"=ROUND(AE3,4)","=ROUND(AF3,4)","=ROUND(AG3,4)","=ROUND(AH3,4)","=ROUND(AI3,4)","=ROUND(AJ3,4)","=ROUND(AK3,4)","=ROUND(AL3,4)","=ROUND(AM3,4)","=ROUND(AN3,4)","=ROUND(AO3,4)","=ROUND(AP3,4)",,"=IFERROR(VLOOKUP(AR3,'Top WS'!$A$19:$D$28,4),0)","=IFERROR(VLOOKUP(AS3,'Top WS'!$A$19:$D$28,4),0)","=IFERROR(VLOOKUP(AT3,'Top WS'!$A$19:$D$28,4),0)","=IFERROR(VLOOKUP(AU3,'Top WS'!$A$19:$D$28,4),0)","=IFERROR(VLOOKUP(AV3,'Top WS'!$A$19:$D$28,4),0)","=IFERROR(VLOOKUP(AW3,'Top WS'!$A$19:$D$28,4),0)","=IFERROR(VLOOKUP(AX3,'Top WS'!$A$19:$D$28,4),0)","=IFERROR(VLOOKUP(AY3,'Top WS'!$A$19:$D$28,4),0)","=IFERROR(VLOOKUP(AZ3,'Top WS'!$A$19:$D$28,4),0)","=IFERROR(VLOOKUP(BA3,'Top WS'!$A$19:$D$28,4),0)","=IFERROR(VLOOKUP(BB3,'Top WS'!$A$19:$D$28,4),0)","=IFERROR(VLOOKUP(BC3,'Top WS'!$A$19:$D$28,4),0)"
4,1190011401,"=VLOOKUP(A4,'Aji Plus'!$A$2:$D$58,2,0)","=VLOOKUP(A4,'Aji Plus'!$A$2:$D$58,3,0)","=VLOOKUP(A4,'Aji Plus'!$A$2:$D$58,4,0)",353.1593143977359,375.94378629436403,368.41864220067225,398.98371489211365,366.97798768345865,426.6350347498695,460.00672468262184,428.5770170153223,317.21745452850445,440.28688559746985,368.30758692915435,356.4858510287139,,"=VLOOKUP(A4,Actual_RDM!$A$2:$H$63,3,0)","=VLOOKUP(A4,Actual_RDM!$A$2:$H$63,4,0)","=VLOOKUP(A4,Actual_RDM!$A$2:$H$63,5,0)","=VLOOKUP(A4,Actual_RDM!$A$2:$H$63,6,0)","=VLOOKUP(A4,Actual_RDM!$A$2:$H$63,7,0)","=VLOOKUP(A4,Actual_RDM!$A$2:$H$63,8,0)",,,,,,,,=R4/E4,=S4/F4,=T4/G4,=U4/H4,=V4/I4,=W4/J4,=X4/K4,=Y4/L4,=Z4/M4,=AA4/N4,=AB4/O4,=AC4/P4,,"=ROUND(AE4,4)","=ROUND(AF4,4)","=ROUND(AG4,4)","=ROUND(AH4,4)","=ROUND(AI4,4)","=ROUND(AJ4,4)","=ROUND(AK4,4)","=ROUND(AL4,4)","=ROUND(AM4,4)","=ROUND(AN4,4)","=ROUND(AO4,4)","=ROUND(AP4,4)",,"=IFERROR(VLOOKUP(AR4,'Top WS'!$A$19:$D$28,4),0)","=IFERROR(VLOOKUP(AS4,'Top WS'!$A$19:$D$28,4),0)","=IFERROR(VLOOKUP(AT4,'Top WS'!$A$19:$D$28,4),0)","=IFERROR(VLOOKUP(AU4,'Top WS'!$A$19:$D$28,4),0)","=IFERROR(VLOOKUP(AV4,'Top WS'!$A$19:$D$28,4),0)","=IFERROR(VLOOKUP(AW4,'Top WS'!$A$19:$D$28,4),0)","=IFERROR(VLOOKUP(AX4,'Top WS'!$A$19:$D$28,4),0)","=IFERROR(VLOOKUP(AY4,'Top WS'!$A$19:$D$28,4),0)","=IFERROR(VLOOKUP(AZ4,'Top WS'!$A$19:$D$28,4),0)","=IFERROR(VLOOKUP(BA4,'Top WS'!$A$19:$D$28,4),0)","=IFERROR(VLOOKUP(BB4,'Top WS'!$A$19:$D$28,4),0)","=IFERROR(VLOOKUP(BC4,'Top WS'!$A$19:$D$28,4),0)"
5,1190011412,"=VLOOKUP(A5,'Aji Plus'!$A$2:$D$58,2,0)","=VLOOKUP(A5,'Aji Plus'!$A$2:$D$58,3,0)","=VLOOKUP(A5,'Aji Plus'!$A$2:$D$58,4,0)",392.33188799645495,417.6436227059036,409.2837865940959,443.2391494768,407.6833340967494,473.9575648862528,511.0308561267144,476.11495260788223,352.4033425334898,489.12368453630097,409.1604130270674,396.02740541228934,,"=VLOOKUP(A5,Actual_RDM!$A$2:$H$63,3,0)","=VLOOKUP(A5,Actual_RDM!$A$2:$H$63,4,0)","=VLOOKUP(A5,Actual_RDM!$A$2:$H$63,5,0)","=VLOOKUP(A5,Actual_RDM!$A$2:$H$63,6,0)","=VLOOKUP(A5,Actual_RDM!$A$2:$H$63,7,0)","=VLOOKUP(A5,Actual_RDM!$A$2:$H$63,8,0)",,,,,,,,=R5/E5,=S5/F5,=T5/G5,=U5/H5,=V5/I5,=W5/J5,=X5/K5,=Y5/L5,=Z5/M5,=AA5/N5,=AB5/O5,=AC5/P5,,"=ROUND(AE5,4)","=ROUND(AF5,4)","=ROUND(AG5,4)","=ROUND(AH5,4)","=ROUND(AI5,4)","=ROUND(AJ5,4)","=ROUND(AK5,4)","=ROUND(AL5,4)","=ROUND(AM5,4)","=ROUND(AN5,4)","=ROUND(AO5,4)","=ROUND(AP5,4)",,"=IFERROR(VLOOKUP(AR5,'Top WS'!$A$19:$D$28,4),0)","=IFERROR(VLOOKUP(AS5,'Top WS'!$A$19:$D$28,4),0)","=IFERROR(VLOOKUP(AT5,'Top WS'!$A$19:$D$28,4),0)","=IFERROR(VLOOKUP(AU5,'Top WS'!$A$19:$D$28,4),0)","=IFERROR(VLOOKUP(AV5,'Top WS'!$A$19:$D$28,4),0)","=IFERROR(VLOOKUP(AW5,'Top WS'!$A$19:$D$28,4),0)","=IFERROR(VLOOKUP(AX5,'Top WS'!$A$19:$D$28,4),0)","=IFERROR(VLOOKUP(AY5,'Top WS'!$A$19:$D$28,4),0)","=IFERROR(VLOOKUP(AZ5,'Top WS'!$A$19:$D$28,4),0)","=IFERROR(VLOOKUP(BA5,'Top WS'!$A$19:$D$28,4),0)","=IFERROR(VLOOKUP(BB5,'Top WS'!$A$19:$D$28,4),0)","=IFERROR(VLOOKUP(BC5,'Top WS'!$A$19:$D$28,4),0)"
6,1190011501,"=VLOOKUP(A6,'Aji Plus'!$A$2:$D$58,2,0)","=VLOOKUP(A6,'Aji Plus'!$A$2:$D$58,3,0)","=VLOOKUP(A6,'Aji Plus'!$A$2:$D$58,4,0)",2144.8283448361526,1600.7721377499429,2484.134627326439,2047.8356368539653,1627.6834093288157,3764.326242393061,3334.755069815306,3191.4525486578086,2463.166261554567,2356.081826730303,3468.638645920198,3116.3252488334556,,"=VLOOKUP(A6,Actual_RDM!$A$2:$H$63,3,0)","=VLOOKUP(A6,Actual_RDM!$A$2:$H$63,4,0)","=VLOOKUP(A6,Actual_RDM!$A$2:$H$63,5,0)","=VLOOKUP(A6,Actual_RDM!$A$2:$H$63,6,0)","=VLOOKUP(A6,Actual_RDM!$A$2:$H$63,7,0)","=VLOOKUP(A6,Actual_RDM!$A$2:$H$63,8,0)",,,,,,,,=R6/E6,=S6/F6,=T6/G6,=U6/H6,=V6/I6,=W6/J6,=X6/K6,=Y6/L6,=Z6/M6,=AA6/N6,=AB6/O6,=AC6/P6,,"=ROUND(AE6,4)","=ROUND(AF6,4)","=ROUND(AG6,4)","=ROUND(AH6,4)","=ROUND(AI6,4)","=ROUND(AJ6,4)","=ROUND(AK6,4)","=ROUND(AL6,4)","=ROUND(AM6,4)","=ROUND(AN6,4)","=ROUND(AO6,4)","=ROUND(AP6,4)",,"=IFERROR(VLOOKUP(AR6,'Top WS'!$A$19:$D$28,4),0)","=IFERROR(VLOOKUP(AS6,'Top WS'!$A$19:$D$28,4),0)","=IFERROR(VLOOKUP(AT6,'Top WS'!$A$19:$D$28,4),0)","=IFERROR(VLOOKUP(AU6,'Top WS'!$A$19:$D$28,4),0)","=IFERROR(VLOOKUP(AV6,'Top WS'!$A$19:$D$28,4),0)","=IFERROR(VLOOKUP(AW6,'Top WS'!$A$19:$D$28,4),0)","=IFERROR(VLOOKUP(AX6,'Top WS'!$A$19:$D$28,4),0)","=IFERROR(VLOOKUP(AY6,'Top WS'!$A$19:$D$28,4),0)","=IFERROR(VLOOKUP(AZ6,'Top WS'!$A$19:$D$28,4),0)","=IFERROR(VLOOKUP(BA6,'Top WS'!$A$19:$D$28,4),0)","=IFERROR(VLOOKUP(BB6,'Top WS'!$A$19:$D$28,4),0)","=IFERROR(VLOOKUP(BC6,'Top WS'!$A$19:$D$28,4),0)"
7,1190011701,"=VLOOKUP(A7,'Aji Plus'!$A$2:$D$58,2,0)","=VLOOKUP(A7,'Aji Plus'!$A$2:$D$58,3,0)","=VLOOKUP(A7,'Aji Plus'!$A$2:$D$58,4,0)",1120,1186,1189,1100,1250,1135,1250,1120,1250,1210,1200,1230,,"=VLOOKUP(A7,Actual_RDM!$A$2:$H$63,3,0)","=VLOOKUP(A7,Actual_RDM!$A$2:$H$63,4,0)","=VLOOKUP(A7,Actual_RDM!$A$2:$H$63,5,0)","=VLOOKUP(A7,Actual_RDM!$A$2:$H$63,6,0)","=VLOOKUP(A7,Actual_RDM!$A$2:$H$63,7,0)","=VLOOKUP(A7,Actual_RDM!$A$2:$H$63,8,0)",,,,,,,,=R7/E7,=S7/F7,=T7/G7,=U7/H7,=V7/I7,=W7/J7,=X7/K7,=Y7/L7,=Z7/M7,=AA7/N7,=AB7/O7,=AC7/P7,,"=ROUND(AE7,4)","=ROUND(AF7,4)","=ROUND(AG7,4)","=ROUND(AH7,4)","=ROUND(AI7,4)","=ROUND(AJ7,4)","=ROUND(AK7,4)","=ROUND(AL7,4)","=ROUND(AM7,4)","=ROUND(AN7,4)","=ROUND(AO7,4)","=ROUND(AP7,4)",,"=IFERROR(VLOOKUP(AR7,'Top WS'!$A$19:$D$28,4),0)","=IFERROR(VLOOKUP(AS7,'Top WS'!$A$19:$D$28,4),0)","=IFERROR(VLOOKUP(AT7,'Top WS'!$A$19:$D$28,4),0)","=IFERROR(VLOOKUP(AU7,'Top WS'!$A$19:$D$28,4),0)","=IFERROR(VLOOKUP(AV7,'Top WS'!$A$19:$D$28,4),0)","=IFERROR(VLOOKUP(AW7,'Top WS'!$A$19:$D$28,4),0)","=IFERROR(VLOOKUP(AX7,'Top WS'!$A$19:$D$28,4),0)","=IFERROR(VLOOKUP(AY7,'Top WS'!$A$19:$D$28,4),0)","=IFERROR(VLOOKUP(AZ7,'Top WS'!$A$19:$D$28,4),0)","=IFERROR(VLOOKUP(BA7,'Top WS'!$A$19:$D$28,4),0)","=IFERROR(VLOOKUP(BB7,'Top WS'!$A$19:$D$28,4),0)","=IFERROR(VLOOKUP(BC7,'Top WS'!$A$19:$D$28,4),0)"
8,1190011801,"=VLOOKUP(A8,'Aji Plus'!$A$2:$D$58,2,0)","=VLOOKUP(A8,'Aji Plus'!$A$2:$D$58,3,0)","=VLOOKUP(A8,'Aji Plus'!$A$2:$D$58,4,0)",135.5929004391855,220.73536350767665,177.69373162498638,269.1865993974811,249.31218467569238,1232.5665130122318,278.2418061050416,174.2833290987623,88.7880657689376,158.05451707742006,73.50005444448477,182.0449348480999,,"=VLOOKUP(A8,Actual_RDM!$A$2:$H$63,3,0)","=VLOOKUP(A8,Actual_RDM!$A$2:$H$63,4,0)","=VLOOKUP(A8,Actual_RDM!$A$2:$H$63,5,0)","=VLOOKUP(A8,Actual_RDM!$A$2:$H$63,6,0)","=VLOOKUP(A8,Actual_RDM!$A$2:$H$63,7,0)","=VLOOKUP(A8,Actual_RDM!$A$2:$H$63,8,0)",,,,,,,,=R8/E8,=S8/F8,=T8/G8,=U8/H8,=V8/I8,=W8/J8,=X8/K8,=Y8/L8,=Z8/M8,=AA8/N8,=AB8/O8,=AC8/P8,,"=ROUND(AE8,4)","=ROUND(AF8,4)","=ROUND(AG8,4)","=ROUND(AH8,4)","=ROUND(AI8,4)","=ROUND(AJ8,4)","=ROUND(AK8,4)","=ROUND(AL8,4)","=ROUND(AM8,4)","=ROUND(AN8,4)","=ROUND(AO8,4)","=ROUND(AP8,4)",,"=IFERROR(VLOOKUP(AR8,'Top WS'!$A$19:$D$28,4),0)","=IFERROR(VLOOKUP(AS8,'Top WS'!$A$19:$D$28,4),0)","=IFERROR(VLOOKUP(AT8,'Top WS'!$A$19:$D$28,4),0)","=IFERROR(VLOOKUP(AU8,'Top WS'!$A$19:$D$28,4),0)","=IFERROR(VLOOKUP(AV8,'Top WS'!$A$19:$D$28,4),0)","=IFERROR(VLOOKUP(AW8,'Top WS'!$A$19:$D$28,4),0)","=IFERROR(VLOOKUP(AX8,'Top WS'!$A$19:$D$28,4),0)","=IFERROR(VLOOKUP(AY8,'Top WS'!$A$19:$D$28,4),0)","=IFERROR(VLOOKUP(AZ8,'Top WS'!$A$19:$D$28,4),0)","=IFERROR(VLOOKUP(BA8,'Top WS'!$A$19:$D$28,4),0)","=IFERROR(VLOOKUP(BB8,'Top WS'!$A$19:$D$28,4),0)","=IFERROR(VLOOKUP(BC8,'Top WS'!$A$19:$D$28,4),0)"
9,1190017001,"=VLOOKUP(A9,'Aji Plus'!$A$2:$D$58,2,0)","=VLOOKUP(A9,'Aji Plus'!$A$2:$D$58,3,0)","=VLOOKUP(A9,'Aji Plus'!$A$2:$D$58,4,0)",4260.8096483846675,2671.7870031679586,4013.312183591542,3728.764200116809,2485.3487931621185,3070.154180032585,5205.449672690892,5275.401051961763,1821.1070942382894,2864.449700312309,2934.697483732634,1432.81765845506,,"=VLOOKUP(A9,Actual_RDM!$A$2:$H$63,3,0)","=VLOOKUP(A9,Actual_RDM!$A$2:$H$63,4,0)","=VLOOKUP(A9,Actual_RDM!$A$2:$H$63,5,0)","=VLOOKUP(A9,Actual_RDM!$A$2:$H$63,6,0)","=VLOOKUP(A9,Actual_RDM!$A$2:$H$63,7,0)","=VLOOKUP(A9,Actual_RDM!$A$2:$H$63,8,0)",,,,,,,,=R9/E9,=S9/F9,=T9/G9,=U9/H9,=V9/I9,=W9/J9,=X9/K9,=Y9/L9,=Z9/M9,=AA9/N9,=AB9/O9,=AC9/P9,,"=ROUND(AE9,4)","=ROUND(AF9,4)","=ROUND(AG9,4)","=ROUND(AH9,4)","=ROUND(AI9,4)","=ROUND(AJ9,4)","=ROUND(AK9,4)","=ROUND(AL9,4)","=ROUND(AM9,4)","=ROUND(AN9,4)","=ROUND(AO9,4)","=ROUND(AP9,4)",,"=IFERROR(VLOOKUP(AR9,'Top WS'!$A$19:$D$28,4),0)","=IFERROR(VLOOKUP(AS9,'Top WS'!$A$19:$D$28,4),0)","=IFERROR(VLOOKUP(AT9,'Top WS'!$A$19:$D$28,4),0)","=IFERROR(VLOOKUP(AU9,'Top WS'!$A$19:$D$28,4),0)","=IFERROR(VLOOKUP(AV9,'Top WS'!$A$19:$D$28,4),0)","=IFERROR(VLOOKUP(AW9,'Top WS'!$A$19:$D$28,4),0)","=IFERROR(VLOOKUP(AX9,'Top WS'!$A$19:$D$28,4),0)","=IFERROR(VLOOKUP(AY9,'Top WS'!$A$19:$D$28,4),0)","=IFERROR(VLOOKUP(AZ9,'Top WS'!$A$19:$D$28,4),0)","=IFERROR(VLOOKUP(BA9,'Top WS'!$A$19:$D$28,4),0)","=IFERROR(VLOOKUP(BB9,'Top WS'!$A$19:$D$28,4),0)","=IFERROR(VLOOKUP(BC9,'Top WS'!$A$19:$D$28,4),0)"
10,1190017013,"=VLOOKUP(A10,'Aji Plus'!$A$2:$D$58,2,0)","=VLOOKUP(A10,'Aji Plus'!$A$2:$D$58,3,0)","=VLOOKUP(A10,'Aji Plus'!$A$2:$D$58,4,0)",347.6246531438459,217.98181728268716,327.4321950307948,304.21691384692747,202.7709715903408,250.48321094010137,424.69455015737213,430.40164011507284,148.5777995767506,233.70049725093062,239.43176979319787,116.89861379459836,,"=VLOOKUP(A10,Actual_RDM!$A$2:$H$63,3,0)","=VLOOKUP(A10,Actual_RDM!$A$2:$H$63,4,0)","=VLOOKUP(A10,Actual_RDM!$A$2:$H$63,5,0)","=VLOOKUP(A10,Actual_RDM!$A$2:$H$63,6,0)","=VLOOKUP(A10,Actual_RDM!$A$2:$H$63,7,0)","=VLOOKUP(A10,Actual_RDM!$A$2:$H$63,8,0)",,,,,,,,=R10/E10,=S10/F10,=T10/G10,=U10/H10,=V10/I10,=W10/J10,=X10/K10,=Y10/L10,=Z10/M10,=AA10/N10,=AB10/O10,=AC10/P10,,"=ROUND(AE10,4)","=ROUND(AF10,4)","=ROUND(AG10,4)","=ROUND(AH10,4)","=ROUND(AI10,4)","=ROUND(AJ10,4)","=ROUND(AK10,4)","=ROUND(AL10,4)","=ROUND(AM10,4)","=ROUND(AN10,4)","=ROUND(AO10,4)","=ROUND(AP10,4)",,"=IFERROR(VLOOKUP(AR10,' WS SF'!$A$19:$D$28,4),0)","=IFERROR(VLOOKUP(AS10,' WS SF'!$A$19:$D$28,4),0)","=IFERROR(VLOOKUP(AT10,' WS SF'!$A$19:$D$28,4),0)","=IFERROR(VLOOKUP(AU10,' WS SF'!$A$19:$D$28,4),0)","=IFERROR(VLOOKUP(AV10,' WS SF'!$A$19:$D$28,4),0)","=IFERROR(VLOOKUP(AW10,' WS SF'!$A$19:$D$28,4),0)","=IFERROR(VLOOKUP(AX10,' WS SF'!$A$19:$D$28,4),0)","=IFERROR(VLOOKUP(AY10,' WS SF'!$A$19:$D$28,4),0)","=IFERROR(VLOOKUP(AZ10,' WS SF'!$A$19:$D$28,4),0)","=IFERROR(VLOOKUP(BA10,' WS SF'!$A$19:$D$28,4),0)","=IFERROR(VLOOKUP(BB10,' WS SF'!$A$19:$D$28,4),0)","=IFERROR(VLOOKUP(BC10,' WS SF'!$A$19:$D$28,4),0)"
11,1190017014,"=VLOOKUP(A11,'Aji Plus'!$A$2:$D$58,2,0)","=VLOOKUP(A11,'Aji Plus'!$A$2:$D$58,3,0)","=VLOOKUP(A11,'Aji Plus'!$A$2:$D$58,4,0)",315.2081270056497,197.65468221418627,296.89864623697383,275.84822523346605,183.86227095251297,227.12527161909713,385.0911392329199,390.26603439628224,134.7226944224496,211.9075714353113,217.10439412055229,105.99764076141295,,"=VLOOKUP(A11,Actual_RDM!$A$2:$H$63,3,0)","=VLOOKUP(A11,Actual_RDM!$A$2:$H$63,4,0)","=VLOOKUP(A11,Actual_RDM!$A$2:$H$63,5,0)","=VLOOKUP(A11,Actual_RDM!$A$2:$H$63,6,0)","=VLOOKUP(A11,Actual_RDM!$A$2:$H$63,7,0)","=VLOOKUP(A11,Actual_RDM!$A$2:$H$63,8,0)",,,,,,,,=R11/E11,=S11/F11,=T11/G11,=U11/H11,=V11/I11,=W11/J11,=X11/K11,=Y11/L11,=Z11/M11,=AA11/N11,=AB11/O11,=AC11/P11,,"=ROUND(AE11,4)","=ROUND(AF11,4)","=ROUND(AG11,4)","=ROUND(AH11,4)","=ROUND(AI11,4)","=ROUND(AJ11,4)","=ROUND(AK11,4)","=ROUND(AL11,4)","=ROUND(AM11,4)","=ROUND(AN11,4)","=ROUND(AO11,4)","=ROUND(AP11,4)",,"=IFERROR(VLOOKUP(AR11,'WS WH'!$A$19:$D$28,4),0)","=IFERROR(VLOOKUP(AS11,'WS WH'!$A$19:$D$28,4),0)","=IFERROR(VLOOKUP(AT11,'WS WH'!$A$19:$D$28,4),0)","=IFERROR(VLOOKUP(AU11,'WS WH'!$A$19:$D$28,4),0)","=IFERROR(VLOOKUP(AV11,'WS WH'!$A$19:$D$28,4),0)","=IFERROR(VLOOKUP(AW11,'WS WH'!$A$19:$D$28,4),0)","=IFERROR(VLOOKUP(AX11,'WS WH'!$A$19:$D$28,4),0)","=IFERROR(VLOOKUP(AY11,'WS WH'!$A$19:$D$28,4),0)","=IFERROR(VLOOKUP(AZ11,'WS WH'!$A$19:$D$28,4),0)","=IFERROR(VLOOKUP(BA11,'WS WH'!$A$19:$D$28,4),0)","=IFERROR(VLOOKUP(BB11,'WS WH'!$A$19:$D$28,4),0)","=IFERROR(VLOOKUP(BC11,'WS WH'!$A$19:$D$28,4),0)"
12,1190021901,"=VLOOKUP(A12,'Aji Plus'!$A$2:$D$58,2,0)","=VLOOKUP(A12,'Aji Plus'!$A$2:$D$58,3,0)","=VLOOKUP(A12,'Aji Plus'!$A$2:$D$58,4,0)",1321.9045087142567,1485.8928726629474,395.2522252158751,1314.4063108707096,1126.6736537507854,762.6639195496906,1459.857463483964,1911.415600284254,318.7428361085689,1699.5220834462334,1370.3650836660713,413.30344224663713,,"=VLOOKUP(A12,Actual_RDM!$A$2:$H$63,3,0)","=VLOOKUP(A12,Actual_RDM!$A$2:$H$63,4,0)","=VLOOKUP(A12,Actual_RDM!$A$2:$H$63,5,0)","=VLOOKUP(A12,Actual_RDM!$A$2:$H$63,6,0)","=VLOOKUP(A12,Actual_RDM!$A$2:$H$63,7,0)","=VLOOKUP(A12,Actual_RDM!$A$2:$H$63,8,0)",,,,,,,,=R12/E12,=S12/F12,=T12/G12,=U12/H12,=V12/I12,=W12/J12,=X12/K12,=Y12/L12,=Z12/M12,=AA12/N12,=AB12/O12,=AC12/P12,,"=ROUND(AE12,4)","=ROUND(AF12,4)","=ROUND(AG12,4)","=ROUND(AH12,4)","=ROUND(AI12,4)","=ROUND(AJ12,4)","=ROUND(AK12,4)","=ROUND(AL12,4)","=ROUND(AM12,4)","=ROUND(AN12,4)","=ROUND(AO12,4)","=ROUND(AP12,4)",,"=IFERROR(VLOOKUP(AR12,'Top WS'!$A$19:$D$28,4),0)","=IFERROR(VLOOKUP(AS12,'Top WS'!$A$19:$D$28,4),0)","=IFERROR(VLOOKUP(AT12,'Top WS'!$A$19:$D$28,4),0)","=IFERROR(VLOOKUP(AU12,'Top WS'!$A$19:$D$28,4),0)","=IFERROR(VLOOKUP(AV12,'Top WS'!$A$19:$D$28,4),0)","=IFERROR(VLOOKUP(AW12,'Top WS'!$A$19:$D$28,4),0)","=IFERROR(VLOOKUP(AX12,'Top WS'!$A$19:$D$28,4),0)","=IFERROR(VLOOKUP(AY12,'Top WS'!$A$19:$D$28,4),0)","=IFERROR(VLOOKUP(AZ12,'Top WS'!$A$19:$D$28,4),0)","=IFERROR(VLOOKUP(BA12,'Top WS'!$A$19:$D$28,4),0)","=IFERROR(VLOOKUP(BB12,'Top WS'!$A$19:$D$28,4),0)","=IFERROR(VLOOKUP(BC12,'Top WS'!$A$19:$D$28,4),0)"
13,1190021902,"=VLOOKUP(A13,'Aji Plus'!$A$2:$D$58,2,0)","=VLOOKUP(A13,'Aji Plus'!$A$2:$D$58,3,0)","=VLOOKUP(A13,'Aji Plus'!$A$2:$D$58,4,0)",584.0520657058571,656.5064238569723,174.63279464618932,580.7391653331559,497.79395600181977,336.96491290855255,645.0032975628707,844.5135200077706,140.82894084325577,750.8934094755081,605.4632181146118,182.6082955434332,,"=VLOOKUP(A13,Actual_RDM!$A$2:$H$63,3,0)","=VLOOKUP(A13,Actual_RDM!$A$2:$H$63,4,0)","=VLOOKUP(A13,Actual_RDM!$A$2:$H$63,5,0)","=VLOOKUP(A13,Actual_RDM!$A$2:$H$63,6,0)","=VLOOKUP(A13,Actual_RDM!$A$2:$H$63,7,0)","=VLOOKUP(A13,Actual_RDM!$A$2:$H$63,8,0)",,,,,,,,=R13/E13,=S13/F13,=T13/G13,=U13/H13,=V13/I13,=W13/J13,=X13/K13,=Y13/L13,=Z13/M13,=AA13/N13,=AB13/O13,=AC13/P13,,"=ROUND(AE13,4)","=ROUND(AF13,4)","=ROUND(AG13,4)","=ROUND(AH13,4)","=ROUND(AI13,4)","=ROUND(AJ13,4)","=ROUND(AK13,4)","=ROUND(AL13,4)","=ROUND(AM13,4)","=ROUND(AN13,4)","=ROUND(AO13,4)","=ROUND(AP13,4)",,"=IFERROR(VLOOKUP(AR13,'Top WS'!$A$19:$D$28,4),0)","=IFERROR(VLOOKUP(AS13,'Top WS'!$A$19:$D$28,4),0)","=IFERROR(VLOOKUP(AT13,'Top WS'!$A$19:$D$28,4),0)","=IFERROR(VLOOKUP(AU13,'Top WS'!$A$19:$D$28,4),0)","=IFERROR(VLOOKUP(AV13,'Top WS'!$A$19:$D$28,4),0)","=IFERROR(VLOOKUP(AW13,'Top WS'!$A$19:$D$28,4),0)","=IFERROR(VLOOKUP(AX13,'Top WS'!$A$19:$D$28,4),0)","=IFERROR(VLOOKUP(AY13,'Top WS'!$A$19:$D$28,4),0)","=IFERROR(VLOOKUP(AZ13,'Top WS'!$A$19:$D$28,4),0)","=IFERROR(VLOOKUP(BA13,'Top WS'!$A$19:$D$28,4),0)","=IFERROR(VLOOKUP(BB13,'Top WS'!$A$19:$D$28,4),0)","=IFERROR(VLOOKUP(BC13,'Top WS'!$A$19:$D$28,4),0)"
14,1190022001,"=VLOOKUP(A14,'Aji Plus'!$A$2:$D$58,2,0)","=VLOOKUP(A14,'Aji Plus'!$A$2:$D$58,3,0)","=VLOOKUP(A14,'Aji Plus'!$A$2:$D$58,4,0)",2887.164044805954,3245.330088599633,863.2681148676625,2870.7872739635677,2460.761455835662,1665.7298861446116,3188.4663009524575,4174.711833905079,696.1643975684943,3711.916420840595,2993.006508213231,902.6936743030382,,"=VLOOKUP(A14,Actual_RDM!$A$2:$H$63,3,0)","=VLOOKUP(A14,Actual_RDM!$A$2:$H$63,4,0)","=VLOOKUP(A14,Actual_RDM!$A$2:$H$63,5,0)","=VLOOKUP(A14,Actual_RDM!$A$2:$H$63,6,0)","=VLOOKUP(A14,Actual_RDM!$A$2:$H$63,7,0)","=VLOOKUP(A14,Actual_RDM!$A$2:$H$63,8,0)",,,,,,,,=R14/E14,=S14/F14,=T14/G14,=U14/H14,=V14/I14,=W14/J14,=X14/K14,=Y14/L14,=Z14/M14,=AA14/N14,=AB14/O14,=AC14/P14,,"=ROUND(AE14,4)","=ROUND(AF14,4)","=ROUND(AG14,4)","=ROUND(AH14,4)","=ROUND(AI14,4)","=ROUND(AJ14,4)","=ROUND(AK14,4)","=ROUND(AL14,4)","=ROUND(AM14,4)","=ROUND(AN14,4)","=ROUND(AO14,4)","=ROUND(AP14,4)",,"=IFERROR(VLOOKUP(AR14,'Top WS'!$A$19:$D$28,4),0)","=IFERROR(VLOOKUP(AS14,'Top WS'!$A$19:$D$28,4),0)","=IFERROR(VLOOKUP(AT14,'Top WS'!$A$19:$D$28,4),0)","=IFERROR(VLOOKUP(AU14,'Top WS'!$A$19:$D$28,4),0)","=IFERROR(VLOOKUP(AV14,'Top WS'!$A$19:$D$28,4),0)","=IFERROR(VLOOKUP(AW14,'Top WS'!$A$19:$D$28,4),0)","=IFERROR(VLOOKUP(AX14,'Top WS'!$A$19:$D$28,4),0)","=IFERROR(VLOOKUP(AY14,'Top WS'!$A$19:$D$28,4),0)","=IFERROR(VLOOKUP(AZ14,'Top WS'!$A$19:$D$28,4),0)","=IFERROR(VLOOKUP(BA14,'Top WS'!$A$19:$D$28,4),0)","=IFERROR(VLOOKUP(BB14,'Top WS'!$A$19:$D$28,4),0)","=IFERROR(VLOOKUP(BC14,'Top WS'!$A$19:$D$28,4),0)"
15,1190022101,"=VLOOKUP(A15,'Aji Plus'!$A$2:$D$58,2,0)","=VLOOKUP(A15,'Aji Plus'!$A$2:$D$58,3,0)","=VLOOKUP(A15,'Aji Plus'!$A$2:$D$58,4,0)",2573.7227695438105,2893.0049744630583,769.5485150742076,2559.1239219014406,2193.6120327813524,1484.892049550355,2842.3145312603833,3721.4895781675755,620.586199315947,3308.9369577554057,2668.0745811583893,804.6938890280622,,"=VLOOKUP(A15,Actual_RDM!$A$2:$H$63,3,0)","=VLOOKUP(A15,Actual_RDM!$A$2:$H$63,4,0)","=VLOOKUP(A15,Actual_RDM!$A$2:$H$63,5,0)","=VLOOKUP(A15,Actual_RDM!$A$2:$H$63,6,0)","=VLOOKUP(A15,Actual_RDM!$A$2:$H$63,7,0)","=VLOOKUP(A15,Actual_RDM!$A$2:$H$63,8,0)",,,,,,,,=R15/E15,=S15/F15,=T15/G15,=U15/H15,=V15/I15,=W15/J15,=X15/K15,=Y15/L15,=Z15/M15,=AA15/N15,=AB15/O15,=AC15/P15,,"=ROUND(AE15,4)","=ROUND(AF15,4)","=ROUND(AG15,4)","=ROUND(AH15,4)","=ROUND(AI15,4)","=ROUND(AJ15,4)","=ROUND(AK15,4)","=ROUND(AL15,4)","=ROUND(AM15,4)","=ROUND(AN15,4)","=ROUND(AO15,4)","=ROUND(AP15,4)",,"=IFERROR(VLOOKUP(AR15,'Top WS'!$A$19:$D$28,4),0)","=IFERROR(VLOOKUP(AS15,'Top WS'!$A$19:$D$28,4),0)","=IFERROR(VLOOKUP(AT15,'Top WS'!$A$19:$D$28,4),0)","=IFERROR(VLOOKUP(AU15,'Top WS'!$A$19:$D$28,4),0)","=IFERROR(VLOOKUP(AV15,'Top WS'!$A$19:$D$28,4),0)","=IFERROR(VLOOKUP(AW15,'Top WS'!$A$19:$D$28,4),0)","=IFERROR(VLOOKUP(AX15,'Top WS'!$A$19:$D$28,4),0)","=IFERROR(VLOOKUP(AY15,'Top WS'!$A$19:$D$28,4),0)","=IFERROR(VLOOKUP(AZ15,'Top WS'!$A$19:$D$28,4),0)","=IFERROR(VLOOKUP(BA15,'Top WS'!$A$19:$D$28,4),0)","=IFERROR(VLOOKUP(BB15,'Top WS'!$A$19:$D$28,4),0)","=IFERROR(VLOOKUP(BC15,'Top WS'!$A$19:$D$28,4),0)"
16,1190022201,"=VLOOKUP(A16,'Aji Plus'!$A$2:$D$58,2,0)","=VLOOKUP(A16,'Aji Plus'!$A$2:$D$58,3,0)","=VLOOKUP(A16,'Aji Plus'!$A$2:$D$58,4,0)",960,1408,1052,990,1049,1143,2161,1385,1253,1667,1294,956,,"=VLOOKUP(A16,Actual_RDM!$A$2:$H$63,3,0)","=VLOOKUP(A16,Actual_RDM!$A$2:$H$63,4,0)","=VLOOKUP(A16,Actual_RDM!$A$2:$H$63,5,0)","=VLOOKUP(A16,Actual_RDM!$A$2:$H$63,6,0)","=VLOOKUP(A16,Actual_RDM!$A$2:$H$63,7,0)","=VLOOKUP(A16,Actual_RDM!$A$2:$H$63,8,0)",,,,,,,,=R16/E16,=S16/F16,=T16/G16,=U16/H16,=V16/I16,=W16/J16,=X16/K16,=Y16/L16,=Z16/M16,=AA16/N16,=AB16/O16,=AC16/P16,,"=ROUND(AE16,4)","=ROUND(AF16,4)","=ROUND(AG16,4)","=ROUND(AH16,4)","=ROUND(AI16,4)","=ROUND(AJ16,4)","=ROUND(AK16,4)","=ROUND(AL16,4)","=ROUND(AM16,4)","=ROUND(AN16,4)","=ROUND(AO16,4)","=ROUND(AP16,4)",,"=IFERROR(VLOOKUP(AR16,'Top WS'!$A$19:$D$28,4),0)","=IFERROR(VLOOKUP(AS16,'Top WS'!$A$19:$D$28,4),0)","=IFERROR(VLOOKUP(AT16,'Top WS'!$A$19:$D$28,4),0)","=IFERROR(VLOOKUP(AU16,'Top WS'!$A$19:$D$28,4),0)","=IFERROR(VLOOKUP(AV16,'Top WS'!$A$19:$D$28,4),0)","=IFERROR(VLOOKUP(AW16,'Top WS'!$A$19:$D$28,4),0)","=IFERROR(VLOOKUP(AX16,'Top WS'!$A$19:$D$28,4),0)","=IFERROR(VLOOKUP(AY16,'Top WS'!$A$19:$D$28,4),0)","=IFERROR(VLOOKUP(AZ16,'Top WS'!$A$19:$D$28,4),0)","=IFERROR(VLOOKUP(BA16,'Top WS'!$A$19:$D$28,4),0)","=IFERROR(VLOOKUP(BB16,'Top WS'!$A$19:$D$28,4),0)","=IFERROR(VLOOKUP(BC16,'Top WS'!$A$19:$D$28,4),0)"
17,1190022301,"=VLOOKUP(A17,'Aji Plus'!$A$2:$D$58,2,0)","=VLOOKUP(A17,'Aji Plus'!$A$2:$D$58,3,0)","=VLOOKUP(A17,'Aji Plus'!$A$2:$D$58,4,0)",901,912,864,662,734,818,1197,934,704,964,655,790,,"=VLOOKUP(A17,Actual_RDM!$A$2:$H$63,3,0)","=VLOOKUP(A17,Actual_RDM!$A$2:$H$63,4,0)","=VLOOKUP(A17,Actual_RDM!$A$2:$H$63,5,0)","=VLOOKUP(A17,Actual_RDM!$A$2:$H$63,6,0)","=VLOOKUP(A17,Actual_RDM!$A$2:$H$63,7,0)","=VLOOKUP(A17,Actual_RDM!$A$2:$H$63,8,0)",,,,,,,,=R17/E17,=S17/F17,=T17/G17,=U17/H17,=V17/I17,=W17/J17,=X17/K17,=Y17/L17,=Z17/M17,=AA17/N17,=AB17/O17,=AC17/P17,,"=ROUND(AE17,4)","=ROUND(AF17,4)","=ROUND(AG17,4)","=ROUND(AH17,4)","=ROUND(AI17,4)","=ROUND(AJ17,4)","=ROUND(AK17,4)","=ROUND(AL17,4)","=ROUND(AM17,4)","=ROUND(AN17,4)","=ROUND(AO17,4)","=ROUND(AP17,4)",,"=IFERROR(VLOOKUP(AR17,'Top WS'!$A$19:$D$28,4),0)","=IFERROR(VLOOKUP(AS17,'Top WS'!$A$19:$D$28,4),0)","=IFERROR(VLOOKUP(AT17,'Top WS'!$A$19:$D$28,4),0)","=IFERROR(VLOOKUP(AU17,'Top WS'!$A$19:$D$28,4),0)","=IFERROR(VLOOKUP(AV17,'Top WS'!$A$19:$D$28,4),0)","=IFERROR(VLOOKUP(AW17,'Top WS'!$A$19:$D$28,4),0)","=IFERROR(VLOOKUP(AX17,'Top WS'!$A$19:$D$28,4),0)","=IFERROR(VLOOKUP(AY17,'Top WS'!$A$19:$D$28,4),0)","=IFERROR(VLOOKUP(AZ17,'Top WS'!$A$19:$D$28,4),0)","=IFERROR(VLOOKUP(BA17,'Top WS'!$A$19:$D$28,4),0)","=IFERROR(VLOOKUP(BB17,'Top WS'!$A$19:$D$28,4),0)","=IFERROR(VLOOKUP(BC17,'Top WS'!$A$19:$D$28,4),0)"
18,1190022302,"=VLOOKUP(A18,'Aji Plus'!$A$2:$D$58,2,0)","=VLOOKUP(A18,'Aji Plus'!$A$2:$D$58,3,0)","=VLOOKUP(A18,'Aji Plus'!$A$2:$D$58,4,0)",771,780,739,566,628,700,1024,799,602,824,783,701,,"=VLOOKUP(A18,Actual_RDM!$A$2:$H$63,3,0)","=VLOOKUP(A18,Actual_RDM!$A$2:$H$63,4,0)","=VLOOKUP(A18,Actual_RDM!$A$2:$H$63,5,0)","=VLOOKUP(A18,Actual_RDM!$A$2:$H$63,6,0)","=VLOOKUP(A18,Actual_RDM!$A$2:$H$63,7,0)","=VLOOKUP(A18,Actual_RDM!$A$2:$H$63,8,0)",,,,,,,,=R18/E18,=S18/F18,=T18/G18,=U18/H18,=V18/I18,=W18/J18,=X18/K18,=Y18/L18,=Z18/M18,=AA18/N18,=AB18/O18,=AC18/P18,,"=ROUND(AE18,4)","=ROUND(AF18,4)","=ROUND(AG18,4)","=ROUND(AH18,4)","=ROUND(AI18,4)","=ROUND(AJ18,4)","=ROUND(AK18,4)","=ROUND(AL18,4)","=ROUND(AM18,4)","=ROUND(AN18,4)","=ROUND(AO18,4)","=ROUND(AP18,4)",,"=IFERROR(VLOOKUP(AR18,'Top WS'!$A$19:$D$28,4),0)","=IFERROR(VLOOKUP(AS18,'Top WS'!$A$19:$D$28,4),0)","=IFERROR(VLOOKUP(AT18,'Top WS'!$A$19:$D$28,4),0)","=IFERROR(VLOOKUP(AU18,'Top WS'!$A$19:$D$28,4),0)","=IFERROR(VLOOKUP(AV18,'Top WS'!$A$19:$D$28,4),0)","=IFERROR(VLOOKUP(AW18,'Top WS'!$A$19:$D$28,4),0)","=IFERROR(VLOOKUP(AX18,'Top WS'!$A$19:$D$28,4),0)","=IFERROR(VLOOKUP(AY18,'Top WS'!$A$19:$D$28,4),0)","=IFERROR(VLOOKUP(AZ18,'Top WS'!$A$19:$D$28,4),0)","=IFERROR(VLOOKUP(BA18,'Top WS'!$A$19:$D$28,4),0)","=IFERROR(VLOOKUP(BB18,'Top WS'!$A$19:$D$28,4),0)","=IFERROR(VLOOKUP(BC18,'Top WS'!$A$19:$D$28,4),0)"
19,1190022401,"=VLOOKUP(A19,'Aji Plus'!$A$2:$D$58,2,0)","=VLOOKUP(A19,'Aji Plus'!$A$2:$D$58,3,0)","=VLOOKUP(A19,'Aji Plus'!$A$2:$D$58,4,0)",1683.6617827514199,1704.377328291598,1614.1832395632953,1236.2700077917084,1370.7755794662053,1528.5570450060707,2237.1334440025485,1744.266391403372,1315.2625725973019,1800.4776750882368,1447.586029221922,1485.1475029471603,,"=VLOOKUP(A19,Actual_RDM!$A$2:$H$63,3,0)","=VLOOKUP(A19,Actual_RDM!$A$2:$H$63,4,0)","=VLOOKUP(A19,Actual_RDM!$A$2:$H$63,5,0)","=VLOOKUP(A19,Actual_RDM!$A$2:$H$63,6,0)","=VLOOKUP(A19,Actual_RDM!$A$2:$H$63,7,0)","=VLOOKUP(A19,Actual_RDM!$A$2:$H$63,8,0)",,,,,,,,=R19/E19,=S19/F19,=T19/G19,=U19/H19,=V19/I19,=W19/J19,=X19/K19,=Y19/L19,=Z19/M19,=AA19/N19,=AB19/O19,=AC19/P19,,"=ROUND(AE19,4)","=ROUND(AF19,4)","=ROUND(AG19,4)","=ROUND(AH19,4)","=ROUND(AI19,4)","=ROUND(AJ19,4)","=ROUND(AK19,4)","=ROUND(AL19,4)","=ROUND(AM19,4)","=ROUND(AN19,4)","=ROUND(AO19,4)","=ROUND(AP19,4)",,"=IFERROR(VLOOKUP(AR19,'Top WS'!$A$19:$D$28,4),0)","=IFERROR(VLOOKUP(AS19,'Top WS'!$A$19:$D$28,4),0)","=IFERROR(VLOOKUP(AT19,'Top WS'!$A$19:$D$28,4),0)","=IFERROR(VLOOKUP(AU19,'Top WS'!$A$19:$D$28,4),0)","=IFERROR(VLOOKUP(AV19,'Top WS'!$A$19:$D$28,4),0)","=IFERROR(VLOOKUP(AW19,'Top WS'!$A$19:$D$28,4),0)","=IFERROR(VLOOKUP(AX19,'Top WS'!$A$19:$D$28,4),0)","=IFERROR(VLOOKUP(AY19,'Top WS'!$A$19:$D$28,4),0)","=IFERROR(VLOOKUP(AZ19,'Top WS'!$A$19:$D$28,4),0)","=IFERROR(VLOOKUP(BA19,'Top WS'!$A$19:$D$28,4),0)","=IFERROR(VLOOKUP(BB19,'Top WS'!$A$19:$D$28,4),0)","=IFERROR(VLOOKUP(BC19,'Top WS'!$A$19:$D$28,4),0)"
20,1190022402,"=VLOOKUP(A20,'Aji Plus'!$A$2:$D$58,2,0)","=VLOOKUP(A20,'Aji Plus'!$A$2:$D$58,3,0)","=VLOOKUP(A20,'Aji Plus'!$A$2:$D$58,4,0)",446.4217023730487,451.9144142706365,427.9995169637233,327.79609724775713,363.46015216706655,405.29579348816003,593.1743125244712,462.4909704666936,348.7409185988116,477.3953516270022,383.82638729295417,393.7857848488332,,"=VLOOKUP(A20,Actual_RDM!$A$2:$H$63,3,0)","=VLOOKUP(A20,Actual_RDM!$A$2:$H$63,4,0)","=VLOOKUP(A20,Actual_RDM!$A$2:$H$63,5,0)","=VLOOKUP(A20,Actual_RDM!$A$2:$H$63,6,0)","=VLOOKUP(A20,Actual_RDM!$A$2:$H$63,7,0)","=VLOOKUP(A20,Actual_RDM!$A$2:$H$63,8,0)",,,,,,,,=R20/E20,=S20/F20,=T20/G20,=U20/H20,=V20/I20,=W20/J20,=X20/K20,=Y20/L20,=Z20/M20,=AA20/N20,=AB20/O20,=AC20/P20,,"=ROUND(AE20,4)","=ROUND(AF20,4)","=ROUND(AG20,4)","=ROUND(AH20,4)","=ROUND(AI20,4)","=ROUND(AJ20,4)","=ROUND(AK20,4)","=ROUND(AL20,4)","=ROUND(AM20,4)","=ROUND(AN20,4)","=ROUND(AO20,4)","=ROUND(AP20,4)",,"=IFERROR(VLOOKUP(AR20,'Top WS'!$A$19:$D$28,4),0)","=IFERROR(VLOOKUP(AS20,'Top WS'!$A$19:$D$28,4),0)","=IFERROR(VLOOKUP(AT20,'Top WS'!$A$19:$D$28,4),0)","=IFERROR(VLOOKUP(AU20,'Top WS'!$A$19:$D$28,4),0)","=IFERROR(VLOOKUP(AV20,'Top WS'!$A$19:$D$28,4),0)","=IFERROR(VLOOKUP(AW20,'Top WS'!$A$19:$D$28,4),0)","=IFERROR(VLOOKUP(AX20,'Top WS'!$A$19:$D$28,4),0)","=IFERROR(VLOOKUP(AY20,'Top WS'!$A$19:$D$28,4),0)","=IFERROR(VLOOKUP(AZ20,'Top WS'!$A$19:$D$28,4),0)","=IFERROR(VLOOKUP(BA20,'Top WS'!$A$19:$D$28,4),0)","=IFERROR(VLOOKUP(BB20,'Top WS'!$A$19:$D$28,4),0)","=IFERROR(VLOOKUP(BC20,'Top WS'!$A$19:$D$28,4),0)"
21,1190022510,"=VLOOKUP(A21,'Aji Plus'!$A$2:$D$58,2,0)","=VLOOKUP(A21,'Aji Plus'!$A$2:$D$58,3,0)","=VLOOKUP(A21,'Aji Plus'!$A$2:$D$58,4,0)",1431.767455980571,1449.3837279902855,1372.6836672738311,1300,1300,1299.8680935033387,1900,1483.3049483910133,1200,1530,1230,1262.9530965391627,,"=VLOOKUP(A21,Actual_RDM!$A$2:$H$63,3,0)","=VLOOKUP(A21,Actual_RDM!$A$2:$H$63,4,0)","=VLOOKUP(A21,Actual_RDM!$A$2:$H$63,5,0)","=VLOOKUP(A21,Actual_RDM!$A$2:$H$63,6,0)","=VLOOKUP(A21,Actual_RDM!$A$2:$H$63,7,0)","=VLOOKUP(A21,Actual_RDM!$A$2:$H$63,8,0)",,,,,,,,=R21/E21,=S21/F21,=T21/G21,=U21/H21,=V21/I21,=W21/J21,=X21/K21,=Y21/L21,=Z21/M21,=AA21/N21,=AB21/O21,=AC21/P21,,"=ROUND(AE21,4)","=ROUND(AF21,4)","=ROUND(AG21,4)","=ROUND(AH21,4)","=ROUND(AI21,4)","=ROUND(AJ21,4)","=ROUND(AK21,4)","=ROUND(AL21,4)","=ROUND(AM21,4)","=ROUND(AN21,4)","=ROUND(AO21,4)","=ROUND(AP21,4)",,"=IFERROR(VLOOKUP(AR21,'Top WS'!$A$19:$D$28,4),0)","=IFERROR(VLOOKUP(AS21,'Top WS'!$A$19:$D$28,4),0)","=IFERROR(VLOOKUP(AT21,'Top WS'!$A$19:$D$28,4),0)","=IFERROR(VLOOKUP(AU21,'Top WS'!$A$19:$D$28,4),0)","=IFERROR(VLOOKUP(AV21,'Top WS'!$A$19:$D$28,4),0)","=IFERROR(VLOOKUP(AW21,'Top WS'!$A$19:$D$28,4),0)","=IFERROR(VLOOKUP(AX21,'Top WS'!$A$19:$D$28,4),0)","=IFERROR(VLOOKUP(AY21,'Top WS'!$A$19:$D$28,4),0)","=IFERROR(VLOOKUP(AZ21,'Top WS'!$A$19:$D$28,4),0)","=IFERROR(VLOOKUP(BA21,'Top WS'!$A$19:$D$28,4),0)","=IFERROR(VLOOKUP(BB21,'Top WS'!$A$19:$D$28,4),0)","=IFERROR(VLOOKUP(BC21,'Top WS'!$A$19:$D$28,4),0)"
22,1190027101,"=VLOOKUP(A22,'Aji Plus'!$A$2:$D$58,2,0)","=VLOOKUP(A22,'Aji Plus'!$A$2:$D$58,3,0)","=VLOOKUP(A22,'Aji Plus'!$A$2:$D$58,4,0)",1968,1993,1887.2295081967213,1445,1603,1787,2616,2039,1538,2105,1692,1737,,"=VLOOKUP(A22,Actual_RDM!$A$2:$H$63,3,0)","=VLOOKUP(A22,Actual_RDM!$A$2:$H$63,4,0)","=VLOOKUP(A22,Actual_RDM!$A$2:$H$63,5,0)","=VLOOKUP(A22,Actual_RDM!$A$2:$H$63,6,0)","=VLOOKUP(A22,Actual_RDM!$A$2:$H$63,7,0)","=VLOOKUP(A22,Actual_RDM!$A$2:$H$63,8,0)",,,,,,,,=R22/E22,=S22/F22,=T22/G22,=U22/H22,=V22/I22,=W22/J22,=X22/K22,=Y22/L22,=Z22/M22,=AA22/N22,=AB22/O22,=AC22/P22,,"=ROUND(AE22,4)","=ROUND(AF22,4)","=ROUND(AG22,4)","=ROUND(AH22,4)","=ROUND(AI22,4)","=ROUND(AJ22,4)","=ROUND(AK22,4)","=ROUND(AL22,4)","=ROUND(AM22,4)","=ROUND(AN22,4)","=ROUND(AO22,4)","=ROUND(AP22,4)",,"=IFERROR(VLOOKUP(AR22,'Top WS'!$A$19:$D$28,4),0)","=IFERROR(VLOOKUP(AS22,'Top WS'!$A$19:$D$28,4),0)","=IFERROR(VLOOKUP(AT22,'Top WS'!$A$19:$D$28,4),0)","=IFERROR(VLOOKUP(AU22,'Top WS'!$A$19:$D$28,4),0)","=IFERROR(VLOOKUP(AV22,'Top WS'!$A$19:$D$28,4),0)","=IFERROR(VLOOKUP(AW22,'Top WS'!$A$19:$D$28,4),0)","=IFERROR(VLOOKUP(AX22,'Top WS'!$A$19:$D$28,4),0)","=IFERROR(VLOOKUP(AY22,'Top WS'!$A$19:$D$28,4),0)","=IFERROR(VLOOKUP(AZ22,'Top WS'!$A$19:$D$28,4),0)","=IFERROR(VLOOKUP(BA22,'Top WS'!$A$19:$D$28,4),0)","=IFERROR(VLOOKUP(BB22,'Top WS'!$A$19:$D$28,4),0)","=IFERROR(VLOOKUP(BC22,'Top WS'!$A$19:$D$28,4),0)"
23,1190032602,"=VLOOKUP(A23,'Aji Plus'!$A$2:$D$58,2,0)","=VLOOKUP(A23,'Aji Plus'!$A$2:$D$58,3,0)","=VLOOKUP(A23,'Aji Plus'!$A$2:$D$58,4,0)",2750,3300,2600,2950,3050,3300,3900,3850,2550,3700,2300,3000,,"=VLOOKUP(A23,Actual_RDM!$A$2:$H$63,3,0)","=VLOOKUP(A23,Actual_RDM!$A$2:$H$63,4,0)","=VLOOKUP(A23,Actual_RDM!$A$2:$H$63,5,0)","=VLOOKUP(A23,Actual_RDM!$A$2:$H$63,6,0)","=VLOOKUP(A23,Actual_RDM!$A$2:$H$63,7,0)","=VLOOKUP(A23,Actual_RDM!$A$2:$H$63,8,0)",,,,,,,,=R23/E23,=S23/F23,=T23/G23,=U23/H23,=V23/I23,=W23/J23,=X23/K23,=Y23/L23,=Z23/M23,=AA23/N23,=AB23/O23,=AC23/P23,,"=ROUND(AE23,4)","=ROUND(AF23,4)","=ROUND(AG23,4)","=ROUND(AH23,4)","=ROUND(AI23,4)","=ROUND(AJ23,4)","=ROUND(AK23,4)","=ROUND(AL23,4)","=ROUND(AM23,4)","=ROUND(AN23,4)","=ROUND(AO23,4)","=ROUND(AP23,4)",,"=IFERROR(VLOOKUP(AR23,'Top WS'!$A$19:$D$28,4),0)","=IFERROR(VLOOKUP(AS23,'Top WS'!$A$19:$D$28,4),0)","=IFERROR(VLOOKUP(AT23,'Top WS'!$A$19:$D$28,4),0)","=IFERROR(VLOOKUP(AU23,'Top WS'!$A$19:$D$28,4),0)","=IFERROR(VLOOKUP(AV23,'Top WS'!$A$19:$D$28,4),0)","=IFERROR(VLOOKUP(AW23,'Top WS'!$A$19:$D$28,4),0)","=IFERROR(VLOOKUP(AX23,'Top WS'!$A$19:$D$28,4),0)","=IFERROR(VLOOKUP(AY23,'Top WS'!$A$19:$D$28,4),0)","=IFERROR(VLOOKUP(AZ23,'Top WS'!$A$19:$D$28,4),0)","=IFERROR(VLOOKUP(BA23,'Top WS'!$A$19:$D$28,4),0)","=IFERROR(VLOOKUP(BB23,'Top WS'!$A$19:$D$28,4),0)","=IFERROR(VLOOKUP(BC23,'Top WS'!$A$19:$D$28,4),0)"
24,1190032701,"=VLOOKUP(A24,'Aji Plus'!$A$2:$D$58,2,0)","=VLOOKUP(A24,'Aji Plus'!$A$2:$D$58,3,0)","=VLOOKUP(A24,'Aji Plus'!$A$2:$D$58,4,0)",749,1166,1677,968,982,1065,1152,973,875,1438,1231,832,,"=VLOOKUP(A24,Actual_RDM!$A$2:$H$63,3,0)","=VLOOKUP(A24,Actual_RDM!$A$2:$H$63,4,0)","=VLOOKUP(A24,Actual_RDM!$A$2:$H$63,5,0)","=VLOOKUP(A24,Actual_RDM!$A$2:$H$63,6,0)","=VLOOKUP(A24,Actual_RDM!$A$2:$H$63,7,0)","=VLOOKUP(A24,Actual_RDM!$A$2:$H$63,8,0)",,,,,,,,=R24/E24,=S24/F24,=T24/G24,=U24/H24,=V24/I24,=W24/J24,=X24/K24,=Y24/L24,=Z24/M24,=AA24/N24,=AB24/O24,=AC24/P24,,"=ROUND(AE24,4)","=ROUND(AF24,4)","=ROUND(AG24,4)","=ROUND(AH24,4)","=ROUND(AI24,4)","=ROUND(AJ24,4)","=ROUND(AK24,4)","=ROUND(AL24,4)","=ROUND(AM24,4)","=ROUND(AN24,4)","=ROUND(AO24,4)","=ROUND(AP24,4)",,"=IFERROR(VLOOKUP(AR24,'Top WS'!$A$19:$D$28,4),0)","=IFERROR(VLOOKUP(AS24,'Top WS'!$A$19:$D$28,4),0)","=IFERROR(VLOOKUP(AT24,'Top WS'!$A$19:$D$28,4),0)","=IFERROR(VLOOKUP(AU24,'Top WS'!$A$19:$D$28,4),0)","=IFERROR(VLOOKUP(AV24,'Top WS'!$A$19:$D$28,4),0)","=IFERROR(VLOOKUP(AW24,'Top WS'!$A$19:$D$28,4),0)","=IFERROR(VLOOKUP(AX24,'Top WS'!$A$19:$D$28,4),0)","=IFERROR(VLOOKUP(AY24,'Top WS'!$A$19:$D$28,4),0)","=IFERROR(VLOOKUP(AZ24,'Top WS'!$A$19:$D$28,4),0)","=IFERROR(VLOOKUP(BA24,'Top WS'!$A$19:$D$28,4),0)","=IFERROR(VLOOKUP(BB24,'Top WS'!$A$19:$D$28,4),0)","=IFERROR(VLOOKUP(BC24,'Top WS'!$A$19:$D$28,4),0)"
25,1190032801,"=VLOOKUP(A25,'Aji Plus'!$A$2:$D$58,2,0)","=VLOOKUP(A25,'Aji Plus'!$A$2:$D$58,3,0)","=VLOOKUP(A25,'Aji Plus'!$A$2:$D$58,4,0)",1220.0257599999998,1779.0479400000002,1372.1773199999996,1392.3391599999995,1295.98432,920.64588,1722.31346,1312.3951200000001,932.13344,2149.4631399999994,1262.34218,1371.2395600000002,,"=VLOOKUP(A25,Actual_RDM!$A$2:$H$63,3,0)","=VLOOKUP(A25,Actual_RDM!$A$2:$H$63,4,0)","=VLOOKUP(A25,Actual_RDM!$A$2:$H$63,5,0)","=VLOOKUP(A25,Actual_RDM!$A$2:$H$63,6,0)","=VLOOKUP(A25,Actual_RDM!$A$2:$H$63,7,0)","=VLOOKUP(A25,Actual_RDM!$A$2:$H$63,8,0)",,,,,,,,=R25/E25,=S25/F25,=T25/G25,=U25/H25,=V25/I25,=W25/J25,=X25/K25,=Y25/L25,=Z25/M25,=AA25/N25,=AB25/O25,=AC25/P25,,"=ROUND(AE25,4)","=ROUND(AF25,4)","=ROUND(AG25,4)","=ROUND(AH25,4)","=ROUND(AI25,4)","=ROUND(AJ25,4)","=ROUND(AK25,4)","=ROUND(AL25,4)","=ROUND(AM25,4)","=ROUND(AN25,4)","=ROUND(AO25,4)","=ROUND(AP25,4)",,"=IFERROR(VLOOKUP(AR25,'Top WS'!$A$19:$D$28,4),0)","=IFERROR(VLOOKUP(AS25,'Top WS'!$A$19:$D$28,4),0)","=IFERROR(VLOOKUP(AT25,'Top WS'!$A$19:$D$28,4),0)","=IFERROR(VLOOKUP(AU25,'Top WS'!$A$19:$D$28,4),0)","=IFERROR(VLOOKUP(AV25,'Top WS'!$A$19:$D$28,4),0)","=IFERROR(VLOOKUP(AW25,'Top WS'!$A$19:$D$28,4),0)","=IFERROR(VLOOKUP(AX25,'Top WS'!$A$19:$D$28,4),0)","=IFERROR(VLOOKUP(AY25,'Top WS'!$A$19:$D$28,4),0)","=IFERROR(VLOOKUP(AZ25,'Top WS'!$A$19:$D$28,4),0)","=IFERROR(VLOOKUP(BA25,'Top WS'!$A$19:$D$28,4),0)","=IFERROR(VLOOKUP(BB25,'Top WS'!$A$19:$D$28,4),0)","=IFERROR(VLOOKUP(BC25,'Top WS'!$A$19:$D$28,4),0)"
26,1190032901,"=VLOOKUP(A26,'Aji Plus'!$A$2:$D$58,2,0)","=VLOOKUP(A26,'Aji Plus'!$A$2:$D$58,3,0)","=VLOOKUP(A26,'Aji Plus'!$A$2:$D$58,4,0)",605.1927104575984,655.739279954057,686.7875413155178,595.1330737764849,643.69255454581,465.1029551946862,1014.3466986789317,628.8514856150316,581.3476457319963,631.894215228455,613.2031618888552,439.45709131011944,,"=VLOOKUP(A26,Actual_RDM!$A$2:$H$63,3,0)","=VLOOKUP(A26,Actual_RDM!$A$2:$H$63,4,0)","=VLOOKUP(A26,Actual_RDM!$A$2:$H$63,5,0)","=VLOOKUP(A26,Actual_RDM!$A$2:$H$63,6,0)","=VLOOKUP(A26,Actual_RDM!$A$2:$H$63,7,0)","=VLOOKUP(A26,Actual_RDM!$A$2:$H$63,8,0)",,,,,,,,=R26/E26,=S26/F26,=T26/G26,=U26/H26,=V26/I26,=W26/J26,=X26/K26,=Y26/L26,=Z26/M26,=AA26/N26,=AB26/O26,=AC26/P26,,"=ROUND(AE26,4)","=ROUND(AF26,4)","=ROUND(AG26,4)","=ROUND(AH26,4)","=ROUND(AI26,4)","=ROUND(AJ26,4)","=ROUND(AK26,4)","=ROUND(AL26,4)","=ROUND(AM26,4)","=ROUND(AN26,4)","=ROUND(AO26,4)","=ROUND(AP26,4)",,"=IFERROR(VLOOKUP(AR26,'Top WS'!$A$19:$D$28,4),0)","=IFERROR(VLOOKUP(AS26,'Top WS'!$A$19:$D$28,4),0)","=IFERROR(VLOOKUP(AT26,'Top WS'!$A$19:$D$28,4),0)","=IFERROR(VLOOKUP(AU26,'Top WS'!$A$19:$D$28,4),0)","=IFERROR(VLOOKUP(AV26,'Top WS'!$A$19:$D$28,4),0)","=IFERROR(VLOOKUP(AW26,'Top WS'!$A$19:$D$28,4),0)","=IFERROR(VLOOKUP(AX26,'Top WS'!$A$19:$D$28,4),0)","=IFERROR(VLOOKUP(AY26,'Top WS'!$A$19:$D$28,4),0)","=IFERROR(VLOOKUP(AZ26,'Top WS'!$A$19:$D$28,4),0)","=IFERROR(VLOOKUP(BA26,'Top WS'!$A$19:$D$28,4),0)","=IFERROR(VLOOKUP(BB26,'Top WS'!$A$19:$D$28,4),0)","=IFERROR(VLOOKUP(BC26,'Top WS'!$A$19:$D$28,4),0)"
27,1190032902,"=VLOOKUP(A27,'Aji Plus'!$A$2:$D$58,2,0)","=VLOOKUP(A27,'Aji Plus'!$A$2:$D$58,3,0)","=VLOOKUP(A27,'Aji Plus'!$A$2:$D$58,4,0)",555.4456048892374,601.837224259219,630.3333049533106,546.2128747443517,590.7807449499113,426.87128879749525,930.9669562759791,577.1596183781354,533.5606149161749,579.9522342861565,562.797593708313,403.33352614417544,,"=VLOOKUP(A27,Actual_RDM!$A$2:$H$63,3,0)","=VLOOKUP(A27,Actual_RDM!$A$2:$H$63,4,0)","=VLOOKUP(A27,Actual_RDM!$A$2:$H$63,5,0)","=VLOOKUP(A27,Actual_RDM!$A$2:$H$63,6,0)","=VLOOKUP(A27,Actual_RDM!$A$2:$H$63,7,0)","=VLOOKUP(A27,Actual_RDM!$A$2:$H$63,8,0)",,,,,,,,=R27/E27,=S27/F27,=T27/G27,=U27/H27,=V27/I27,=W27/J27,=X27/K27,=Y27/L27,=Z27/M27,=AA27/N27,=AB27/O27,=AC27/P27,,"=ROUND(AE27,4)","=ROUND(AF27,4)","=ROUND(AG27,4)","=ROUND(AH27,4)","=ROUND(AI27,4)","=ROUND(AJ27,4)","=ROUND(AK27,4)","=ROUND(AL27,4)","=ROUND(AM27,4)","=ROUND(AN27,4)","=ROUND(AO27,4)","=ROUND(AP27,4)",,"=IFERROR(VLOOKUP(AR27,'Top WS'!$A$19:$D$28,4),0)","=IFERROR(VLOOKUP(AS27,'Top WS'!$A$19:$D$28,4),0)","=IFERROR(VLOOKUP(AT27,'Top WS'!$A$19:$D$28,4),0)","=IFERROR(VLOOKUP(AU27,'Top WS'!$A$19:$D$28,4),0)","=IFERROR(VLOOKUP(AV27,'Top WS'!$A$19:$D$28,4),0)","=IFERROR(VLOOKUP(AW27,'Top WS'!$A$19:$D$28,4),0)","=IFERROR(VLOOKUP(AX27,'Top WS'!$A$19:$D$28,4),0)","=IFERROR(VLOOKUP(AY27,'Top WS'!$A$19:$D$28,4),0)","=IFERROR(VLOOKUP(AZ27,'Top WS'!$A$19:$D$28,4),0)","=IFERROR(VLOOKUP(BA27,'Top WS'!$A$19:$D$28,4),0)","=IFERROR(VLOOKUP(BB27,'Top WS'!$A$19:$D$28,4),0)","=IFERROR(VLOOKUP(BC27,'Top WS'!$A$19:$D$28,4),0)"
28,1190033001,"=VLOOKUP(A28,'Aji Plus'!$A$2:$D$58,2,0)","=VLOOKUP(A28,'Aji Plus'!$A$2:$D$58,3,0)","=VLOOKUP(A28,'Aji Plus'!$A$2:$D$58,4,0)",1092.952165549402,938.2665858350331,811.1536609346153,1078.9169874672102,900.3417429320892,1015.7089159623041,1353.1006614203825,1036.612372680462,1228.7748640823852,740.5298393082674,1133.664136014767,964.7940678130763,,"=VLOOKUP(A28,Actual_RDM!$A$2:$H$63,3,0)","=VLOOKUP(A28,Actual_RDM!$A$2:$H$63,4,0)","=VLOOKUP(A28,Actual_RDM!$A$2:$H$63,5,0)","=VLOOKUP(A28,Actual_RDM!$A$2:$H$63,6,0)","=VLOOKUP(A28,Actual_RDM!$A$2:$H$63,7,0)","=VLOOKUP(A28,Actual_RDM!$A$2:$H$63,8,0)",,,,,,,,=R28/E28,=S28/F28,=T28/G28,=U28/H28,=V28/I28,=W28/J28,=X28/K28,=Y28/L28,=Z28/M28,=AA28/N28,=AB28/O28,=AC28/P28,,"=ROUND(AE28,4)","=ROUND(AF28,4)","=ROUND(AG28,4)","=ROUND(AH28,4)","=ROUND(AI28,4)","=ROUND(AJ28,4)","=ROUND(AK28,4)","=ROUND(AL28,4)","=ROUND(AM28,4)","=ROUND(AN28,4)","=ROUND(AO28,4)","=ROUND(AP28,4)",,"=IFERROR(VLOOKUP(AR28,'Top WS'!$A$19:$D$28,4),0)","=IFERROR(VLOOKUP(AS28,'Top WS'!$A$19:$D$28,4),0)","=IFERROR(VLOOKUP(AT28,'Top WS'!$A$19:$D$28,4),0)","=IFERROR(VLOOKUP(AU28,'Top WS'!$A$19:$D$28,4),0)","=IFERROR(VLOOKUP(AV28,'Top WS'!$A$19:$D$28,4),0)","=IFERROR(VLOOKUP(AW28,'Top WS'!$A$19:$D$28,4),0)","=IFERROR(VLOOKUP(AX28,'Top WS'!$A$19:$D$28,4),0)","=IFERROR(VLOOKUP(AY28,'Top WS'!$A$19:$D$28,4),0)","=IFERROR(VLOOKUP(AZ28,'Top WS'!$A$19:$D$28,4),0)","=IFERROR(VLOOKUP(BA28,'Top WS'!$A$19:$D$28,4),0)","=IFERROR(VLOOKUP(BB28,'Top WS'!$A$19:$D$28,4),0)","=IFERROR(VLOOKUP(BC28,'Top WS'!$A$19:$D$28,4),0)"
29,1190033002,"=VLOOKUP(A29,'Aji Plus'!$A$2:$D$58,2,0)","=VLOOKUP(A29,'Aji Plus'!$A$2:$D$58,3,0)","=VLOOKUP(A29,'Aji Plus'!$A$2:$D$58,4,0)",1465.456461672981,1258.0503285728157,1087.614271964765,1446.6377584766337,1207.1997901486438,1361.8868611030143,1814.2698007059807,1389.9147169273608,1647.5707915411754,992.9201590725081,1520.044047540399,1293.6190122737125,,"=VLOOKUP(A29,Actual_RDM!$A$2:$H$63,3,0)","=VLOOKUP(A29,Actual_RDM!$A$2:$H$63,4,0)","=VLOOKUP(A29,Actual_RDM!$A$2:$H$63,5,0)","=VLOOKUP(A29,Actual_RDM!$A$2:$H$63,6,0)","=VLOOKUP(A29,Actual_RDM!$A$2:$H$63,7,0)","=VLOOKUP(A29,Actual_RDM!$A$2:$H$63,8,0)",,,,,,,,=R29/E29,=S29/F29,=T29/G29,=U29/H29,=V29/I29,=W29/J29,=X29/K29,=Y29/L29,=Z29/M29,=AA29/N29,=AB29/O29,=AC29/P29,,"=ROUND(AE29,4)","=ROUND(AF29,4)","=ROUND(AG29,4)","=ROUND(AH29,4)","=ROUND(AI29,4)","=ROUND(AJ29,4)","=ROUND(AK29,4)","=ROUND(AL29,4)","=ROUND(AM29,4)","=ROUND(AN29,4)","=ROUND(AO29,4)","=ROUND(AP29,4)",,"=IFERROR(VLOOKUP(AR29,'Top WS'!$A$19:$D$28,4),0)","=IFERROR(VLOOKUP(AS29,'Top WS'!$A$19:$D$28,4),0)","=IFERROR(VLOOKUP(AT29,'Top WS'!$A$19:$D$28,4),0)","=IFERROR(VLOOKUP(AU29,'Top WS'!$A$19:$D$28,4),0)","=IFERROR(VLOOKUP(AV29,'Top WS'!$A$19:$D$28,4),0)","=IFERROR(VLOOKUP(AW29,'Top WS'!$A$19:$D$28,4),0)","=IFERROR(VLOOKUP(AX29,'Top WS'!$A$19:$D$28,4),0)","=IFERROR(VLOOKUP(AY29,'Top WS'!$A$19:$D$28,4),0)","=IFERROR(VLOOKUP(AZ29,'Top WS'!$A$19:$D$28,4),0)","=IFERROR(VLOOKUP(BA29,'Top WS'!$A$19:$D$28,4),0)","=IFERROR(VLOOKUP(BB29,'Top WS'!$A$19:$D$28,4),0)","=IFERROR(VLOOKUP(BC29,'Top WS'!$A$19:$D$28,4),0)"
30,1190033101,"=VLOOKUP(A30,'Aji Plus'!$A$2:$D$58,2,0)","=VLOOKUP(A30,'Aji Plus'!$A$2:$D$58,3,0)","=VLOOKUP(A30,'Aji Plus'!$A$2:$D$58,4,0)",178.57750759878417,223.2218844984802,215.78115501519744,272.8267477203646,367.0759878419451,235.62310030395125,324.91185410334333,365.42249240121566,250.50455927051664,430.7355623100302,73.58054711246197,325.73860182370805,,"=VLOOKUP(A30,Actual_RDM!$A$2:$H$63,3,0)","=VLOOKUP(A30,Actual_RDM!$A$2:$H$63,4,0)","=VLOOKUP(A30,Actual_RDM!$A$2:$H$63,5,0)","=VLOOKUP(A30,Actual_RDM!$A$2:$H$63,6,0)","=VLOOKUP(A30,Actual_RDM!$A$2:$H$63,7,0)","=VLOOKUP(A30,Actual_RDM!$A$2:$H$63,8,0)",,,,,,,,=R30/E30,=S30/F30,=T30/G30,=U30/H30,=V30/I30,=W30/J30,=X30/K30,=Y30/L30,=Z30/M30,=AA30/N30,=AB30/O30,=AC30/P30,,"=ROUND(AE30,4)","=ROUND(AF30,4)","=ROUND(AG30,4)","=ROUND(AH30,4)","=ROUND(AI30,4)","=ROUND(AJ30,4)","=ROUND(AK30,4)","=ROUND(AL30,4)","=ROUND(AM30,4)","=ROUND(AN30,4)","=ROUND(AO30,4)","=ROUND(AP30,4)",,"=IFERROR(VLOOKUP(AR30,'Top WS'!$A$19:$D$28,4),0)","=IFERROR(VLOOKUP(AS30,'Top WS'!$A$19:$D$28,4),0)","=IFERROR(VLOOKUP(AT30,'Top WS'!$A$19:$D$28,4),0)","=IFERROR(VLOOKUP(AU30,'Top WS'!$A$19:$D$28,4),0)","=IFERROR(VLOOKUP(AV30,'Top WS'!$A$19:$D$28,4),0)","=IFERROR(VLOOKUP(AW30,'Top WS'!$A$19:$D$28,4),0)","=IFERROR(VLOOKUP(AX30,'Top WS'!$A$19:$D$28,4),0)","=IFERROR(VLOOKUP(AY30,'Top WS'!$A$19:$D$28,4),0)","=IFERROR(VLOOKUP(AZ30,'Top WS'!$A$19:$D$28,4),0)","=IFERROR(VLOOKUP(BA30,'Top WS'!$A$19:$D$28,4),0)","=IFERROR(VLOOKUP(BB30,'Top WS'!$A$19:$D$28,4),0)","=IFERROR(VLOOKUP(BC30,'Top WS'!$A$19:$D$28,4),0)"
31,1190033102,"=VLOOKUP(A31,'Aji Plus'!$A$2:$D$58,2,0)","=VLOOKUP(A31,'Aji Plus'!$A$2:$D$58,3,0)","=VLOOKUP(A31,'Aji Plus'!$A$2:$D$58,4,0)",171.57446808510633,214.46808510638292,207.3191489361701,262.12765957446794,352.68085106382955,226.38297872340414,312.17021276595733,351.0921985815602,240.6808510638297,413.8439716312055,70.69503546099287,312.964539007092,,"=VLOOKUP(A31,Actual_RDM!$A$2:$H$63,3,0)","=VLOOKUP(A31,Actual_RDM!$A$2:$H$63,4,0)","=VLOOKUP(A31,Actual_RDM!$A$2:$H$63,5,0)","=VLOOKUP(A31,Actual_RDM!$A$2:$H$63,6,0)","=VLOOKUP(A31,Actual_RDM!$A$2:$H$63,7,0)","=VLOOKUP(A31,Actual_RDM!$A$2:$H$63,8,0)",,,,,,,,=R31/E31,=S31/F31,=T31/G31,=U31/H31,=V31/I31,=W31/J31,=X31/K31,=Y31/L31,=Z31/M31,=AA31/N31,=AB31/O31,=AC31/P31,,"=ROUND(AE31,4)","=ROUND(AF31,4)","=ROUND(AG31,4)","=ROUND(AH31,4)","=ROUND(AI31,4)","=ROUND(AJ31,4)","=ROUND(AK31,4)","=ROUND(AL31,4)","=ROUND(AM31,4)","=ROUND(AN31,4)","=ROUND(AO31,4)","=ROUND(AP31,4)",,"=IFERROR(VLOOKUP(AR31,'Top WS'!$A$19:$D$28,4),0)","=IFERROR(VLOOKUP(AS31,'Top WS'!$A$19:$D$28,4),0)","=IFERROR(VLOOKUP(AT31,'Top WS'!$A$19:$D$28,4),0)","=IFERROR(VLOOKUP(AU31,'Top WS'!$A$19:$D$28,4),0)","=IFERROR(VLOOKUP(AV31,'Top WS'!$A$19:$D$28,4),0)","=IFERROR(VLOOKUP(AW31,'Top WS'!$A$19:$D$28,4),0)","=IFERROR(VLOOKUP(AX31,'Top WS'!$A$19:$D$28,4),0)","=IFERROR(VLOOKUP(AY31,'Top WS'!$A$19:$D$28,4),0)","=IFERROR(VLOOKUP(AZ31,'Top WS'!$A$19:$D$28,4),0)","=IFERROR(VLOOKUP(BA31,'Top WS'!$A$19:$D$28,4),0)","=IFERROR(VLOOKUP(BB31,'Top WS'!$A$19:$D$28,4),0)","=IFERROR(VLOOKUP(BC31,'Top WS'!$A$19:$D$28,4),0)"
32,1190033201,"=VLOOKUP(A32,'Aji Plus'!$A$2:$D$58,2,0)","=VLOOKUP(A32,'Aji Plus'!$A$2:$D$58,3,0)","=VLOOKUP(A32,'Aji Plus'!$A$2:$D$58,4,0)",1167.2103911134448,731.9119628171544,1099.4106918731163,1021.4613370578882,680.8388959642601,841.0410595584743,1425.9860096510838,1445.148559376494,498.8758708174615,784.6901718066321,803.9339187766416,392.50748039251437,,"=VLOOKUP(A32,Actual_RDM!$A$2:$H$63,3,0)","=VLOOKUP(A32,Actual_RDM!$A$2:$H$63,4,0)","=VLOOKUP(A32,Actual_RDM!$A$2:$H$63,5,0)","=VLOOKUP(A32,Actual_RDM!$A$2:$H$63,6,0)","=VLOOKUP(A32,Actual_RDM!$A$2:$H$63,7,0)","=VLOOKUP(A32,Actual_RDM!$A$2:$H$63,8,0)",,,,,,,,=R32/E32,=S32/F32,=T32/G32,=U32/H32,=V32/I32,=W32/J32,=X32/K32,=Y32/L32,=Z32/M32,=AA32/N32,=AB32/O32,=AC32/P32,,"=ROUND(AE32,4)","=ROUND(AF32,4)","=ROUND(AG32,4)","=ROUND(AH32,4)","=ROUND(AI32,4)","=ROUND(AJ32,4)","=ROUND(AK32,4)","=ROUND(AL32,4)","=ROUND(AM32,4)","=ROUND(AN32,4)","=ROUND(AO32,4)","=ROUND(AP32,4)",,"=IFERROR(VLOOKUP(AR32,'Top WS'!$A$19:$D$28,4),0)","=IFERROR(VLOOKUP(AS32,'Top WS'!$A$19:$D$28,4),0)","=IFERROR(VLOOKUP(AT32,'Top WS'!$A$19:$D$28,4),0)","=IFERROR(VLOOKUP(AU32,'Top WS'!$A$19:$D$28,4),0)","=IFERROR(VLOOKUP(AV32,'Top WS'!$A$19:$D$28,4),0)","=IFERROR(VLOOKUP(AW32,'Top WS'!$A$19:$D$28,4),0)","=IFERROR(VLOOKUP(AX32,'Top WS'!$A$19:$D$28,4),0)","=IFERROR(VLOOKUP(AY32,'Top WS'!$A$19:$D$28,4),0)","=IFERROR(VLOOKUP(AZ32,'Top WS'!$A$19:$D$28,4),0)","=IFERROR(VLOOKUP(BA32,'Top WS'!$A$19:$D$28,4),0)","=IFERROR(VLOOKUP(BB32,'Top WS'!$A$19:$D$28,4),0)","=IFERROR(VLOOKUP(BC32,'Top WS'!$A$19:$D$28,4),0)"
33,1190033202,"=VLOOKUP(A33,'Aji Plus'!$A$2:$D$58,2,0)","=VLOOKUP(A33,'Aji Plus'!$A$2:$D$58,3,0)","=VLOOKUP(A33,'Aji Plus'!$A$2:$D$58,4,0)",584.7276656119864,366.65983845749196,550.7626151225252,511.7129762364378,341.0741896456702,421.32933289801457,714.3643313723625,723.9640342651923,249.91768887095975,393.0996981199471,402.7400777199499,196.63120247431954,,"=VLOOKUP(A33,Actual_RDM!$A$2:$H$63,3,0)","=VLOOKUP(A33,Actual_RDM!$A$2:$H$63,4,0)","=VLOOKUP(A33,Actual_RDM!$A$2:$H$63,5,0)","=VLOOKUP(A33,Actual_RDM!$A$2:$H$63,6,0)","=VLOOKUP(A33,Actual_RDM!$A$2:$H$63,7,0)","=VLOOKUP(A33,Actual_RDM!$A$2:$H$63,8,0)",,,,,,,,=R33/E33,=S33/F33,=T33/G33,=U33/H33,=V33/I33,=W33/J33,=X33/K33,=Y33/L33,=Z33/M33,=AA33/N33,=AB33/O33,=AC33/P33,,"=ROUND(AE33,4)","=ROUND(AF33,4)","=ROUND(AG33,4)","=ROUND(AH33,4)","=ROUND(AI33,4)","=ROUND(AJ33,4)","=ROUND(AK33,4)","=ROUND(AL33,4)","=ROUND(AM33,4)","=ROUND(AN33,4)","=ROUND(AO33,4)","=ROUND(AP33,4)",,"=IFERROR(VLOOKUP(AR33,'Top WS'!$A$19:$D$28,4),0)","=IFERROR(VLOOKUP(AS33,'Top WS'!$A$19:$D$28,4),0)","=IFERROR(VLOOKUP(AT33,'Top WS'!$A$19:$D$28,4),0)","=IFERROR(VLOOKUP(AU33,'Top WS'!$A$19:$D$28,4),0)","=IFERROR(VLOOKUP(AV33,'Top WS'!$A$19:$D$28,4),0)","=IFERROR(VLOOKUP(AW33,'Top WS'!$A$19:$D$28,4),0)","=IFERROR(VLOOKUP(AX33,'Top WS'!$A$19:$D$28,4),0)","=IFERROR(VLOOKUP(AY33,'Top WS'!$A$19:$D$28,4),0)","=IFERROR(VLOOKUP(AZ33,'Top WS'!$A$19:$D$28,4),0)","=IFERROR(VLOOKUP(BA33,'Top WS'!$A$19:$D$28,4),0)","=IFERROR(VLOOKUP(BB33,'Top WS'!$A$19:$D$28,4),0)","=IFERROR(VLOOKUP(BC33,'Top WS'!$A$19:$D$28,4),0)"
34,1190033301,"=VLOOKUP(A34,'Aji Plus'!$A$2:$D$58,2,0)","=VLOOKUP(A34,'Aji Plus'!$A$2:$D$58,3,0)","=VLOOKUP(A34,'Aji Plus'!$A$2:$D$58,4,0)",1695.6003914130436,1905.9474567763627,506.98807921819616,1685.9824900331798,1445.178736966957,978.2652468315274,1872.551965874058,2451.7633600836393,408.8498632866219,2179.9685914600777,1757.760531812534,530.1422862437945,,"=VLOOKUP(A34,Actual_RDM!$A$2:$H$63,3,0)","=VLOOKUP(A34,Actual_RDM!$A$2:$H$63,4,0)","=VLOOKUP(A34,Actual_RDM!$A$2:$H$63,5,0)","=VLOOKUP(A34,Actual_RDM!$A$2:$H$63,6,0)","=VLOOKUP(A34,Actual_RDM!$A$2:$H$63,7,0)","=VLOOKUP(A34,Actual_RDM!$A$2:$H$63,8,0)",,,,,,,,=R34/E34,=S34/F34,=T34/G34,=U34/H34,=V34/I34,=W34/J34,=X34/K34,=Y34/L34,=Z34/M34,=AA34/N34,=AB34/O34,=AC34/P34,,"=ROUND(AE34,4)","=ROUND(AF34,4)","=ROUND(AG34,4)","=ROUND(AH34,4)","=ROUND(AI34,4)","=ROUND(AJ34,4)","=ROUND(AK34,4)","=ROUND(AL34,4)","=ROUND(AM34,4)","=ROUND(AN34,4)","=ROUND(AO34,4)","=ROUND(AP34,4)",,"=IFERROR(VLOOKUP(AR34,'Top WS'!$A$19:$D$28,4),0)","=IFERROR(VLOOKUP(AS34,'Top WS'!$A$19:$D$28,4),0)","=IFERROR(VLOOKUP(AT34,'Top WS'!$A$19:$D$28,4),0)","=IFERROR(VLOOKUP(AU34,'Top WS'!$A$19:$D$28,4),0)","=IFERROR(VLOOKUP(AV34,'Top WS'!$A$19:$D$28,4),0)","=IFERROR(VLOOKUP(AW34,'Top WS'!$A$19:$D$28,4),0)","=IFERROR(VLOOKUP(AX34,'Top WS'!$A$19:$D$28,4),0)","=IFERROR(VLOOKUP(AY34,'Top WS'!$A$19:$D$28,4),0)","=IFERROR(VLOOKUP(AZ34,'Top WS'!$A$19:$D$28,4),0)","=IFERROR(VLOOKUP(BA34,'Top WS'!$A$19:$D$28,4),0)","=IFERROR(VLOOKUP(BB34,'Top WS'!$A$19:$D$28,4),0)","=IFERROR(VLOOKUP(BC34,'Top WS'!$A$19:$D$28,4),0)"
35,1190033302,"=VLOOKUP(A35,'Aji Plus'!$A$2:$D$58,2,0)","=VLOOKUP(A35,'Aji Plus'!$A$2:$D$58,3,0)","=VLOOKUP(A35,'Aji Plus'!$A$2:$D$58,4,0)",637.687611081856,716.7957065322415,190.66993539333012,634.0704754727783,543.5081172603129,367.9095802381401,704.2362078896106,922.0681523474041,153.76175538218487,819.850579394577,661.06502455534,199.37785445222104,,"=VLOOKUP(A35,Actual_RDM!$A$2:$H$63,3,0)","=VLOOKUP(A35,Actual_RDM!$A$2:$H$63,4,0)","=VLOOKUP(A35,Actual_RDM!$A$2:$H$63,5,0)","=VLOOKUP(A35,Actual_RDM!$A$2:$H$63,6,0)","=VLOOKUP(A35,Actual_RDM!$A$2:$H$63,7,0)","=VLOOKUP(A35,Actual_RDM!$A$2:$H$63,8,0)",,,,,,,,=R35/E35,=S35/F35,=T35/G35,=U35/H35,=V35/I35,=W35/J35,=X35/K35,=Y35/L35,=Z35/M35,=AA35/N35,=AB35/O35,=AC35/P35,,"=ROUND(AE35,4)","=ROUND(AF35,4)","=ROUND(AG35,4)","=ROUND(AH35,4)","=ROUND(AI35,4)","=ROUND(AJ35,4)","=ROUND(AK35,4)","=ROUND(AL35,4)","=ROUND(AM35,4)","=ROUND(AN35,4)","=ROUND(AO35,4)","=ROUND(AP35,4)",,"=IFERROR(VLOOKUP(AR35,'Top WS'!$A$19:$D$28,4),0)","=IFERROR(VLOOKUP(AS35,'Top WS'!$A$19:$D$28,4),0)","=IFERROR(VLOOKUP(AT35,'Top WS'!$A$19:$D$28,4),0)","=IFERROR(VLOOKUP(AU35,'Top WS'!$A$19:$D$28,4),0)","=IFERROR(VLOOKUP(AV35,'Top WS'!$A$19:$D$28,4),0)","=IFERROR(VLOOKUP(AW35,'Top WS'!$A$19:$D$28,4),0)","=IFERROR(VLOOKUP(AX35,'Top WS'!$A$19:$D$28,4),0)","=IFERROR(VLOOKUP(AY35,'Top WS'!$A$19:$D$28,4),0)","=IFERROR(VLOOKUP(AZ35,'Top WS'!$A$19:$D$28,4),0)","=IFERROR(VLOOKUP(BA35,'Top WS'!$A$19:$D$28,4),0)","=IFERROR(VLOOKUP(BB35,'Top WS'!$A$19:$D$28,4),0)","=IFERROR(VLOOKUP(BC35,'Top WS'!$A$19:$D$28,4),0)"
36,1190037301,"=VLOOKUP(A36,'Aji Plus'!$A$2:$D$58,2,0)","=VLOOKUP(A36,'Aji Plus'!$A$2:$D$58,3,0)","=VLOOKUP(A36,'Aji Plus'!$A$2:$D$58,4,0)",2013,2394,1580,1469,1680,1464,2432,2353,1059,2288,1319,2581,,"=VLOOKUP(A36,Actual_RDM!$A$2:$H$63,3,0)","=VLOOKUP(A36,Actual_RDM!$A$2:$H$63,4,0)","=VLOOKUP(A36,Actual_RDM!$A$2:$H$63,5,0)","=VLOOKUP(A36,Actual_RDM!$A$2:$H$63,6,0)","=VLOOKUP(A36,Actual_RDM!$A$2:$H$63,7,0)","=VLOOKUP(A36,Actual_RDM!$A$2:$H$63,8,0)",,,,,,,,=R36/E36,=S36/F36,=T36/G36,=U36/H36,=V36/I36,=W36/J36,=X36/K36,=Y36/L36,=Z36/M36,=AA36/N36,=AB36/O36,=AC36/P36,,"=ROUND(AE36,4)","=ROUND(AF36,4)","=ROUND(AG36,4)","=ROUND(AH36,4)","=ROUND(AI36,4)","=ROUND(AJ36,4)","=ROUND(AK36,4)","=ROUND(AL36,4)","=ROUND(AM36,4)","=ROUND(AN36,4)","=ROUND(AO36,4)","=ROUND(AP36,4)",,"=IFERROR(VLOOKUP(AR36,'Top WS'!$A$19:$D$28,4),0)","=IFERROR(VLOOKUP(AS36,'Top WS'!$A$19:$D$28,4),0)","=IFERROR(VLOOKUP(AT36,'Top WS'!$A$19:$D$28,4),0)","=IFERROR(VLOOKUP(AU36,'Top WS'!$A$19:$D$28,4),0)","=IFERROR(VLOOKUP(AV36,'Top WS'!$A$19:$D$28,4),0)","=IFERROR(VLOOKUP(AW36,'Top WS'!$A$19:$D$28,4),0)","=IFERROR(VLOOKUP(AX36,'Top WS'!$A$19:$D$28,4),0)","=IFERROR(VLOOKUP(AY36,'Top WS'!$A$19:$D$28,4),0)","=IFERROR(VLOOKUP(AZ36,'Top WS'!$A$19:$D$28,4),0)","=IFERROR(VLOOKUP(BA36,'Top WS'!$A$19:$D$28,4),0)","=IFERROR(VLOOKUP(BB36,'Top WS'!$A$19:$D$28,4),0)","=IFERROR(VLOOKUP(BC36,'Top WS'!$A$19:$D$28,4),0)"
37,1190037401,"=VLOOKUP(A37,'Aji Plus'!$A$2:$D$58,2,0)","=VLOOKUP(A37,'Aji Plus'!$A$2:$D$58,3,0)","=VLOOKUP(A37,'Aji Plus'!$A$2:$D$58,4,0)",337.77557198868425,613.3545089086306,389.68584048836175,426.4057769616358,228.81185170479927,260.7474316343243,508.8163184277135,400.6898605389846,471.0199017320959,395.66628616804803,479.6317435108442,307.3949079358777,,"=VLOOKUP(A37,Actual_RDM!$A$2:$H$63,3,0)","=VLOOKUP(A37,Actual_RDM!$A$2:$H$63,4,0)","=VLOOKUP(A37,Actual_RDM!$A$2:$H$63,5,0)","=VLOOKUP(A37,Actual_RDM!$A$2:$H$63,6,0)","=VLOOKUP(A37,Actual_RDM!$A$2:$H$63,7,0)","=VLOOKUP(A37,Actual_RDM!$A$2:$H$63,8,0)",,,,,,,,=R37/E37,=S37/F37,=T37/G37,=U37/H37,=V37/I37,=W37/J37,=X37/K37,=Y37/L37,=Z37/M37,=AA37/N37,=AB37/O37,=AC37/P37,,"=ROUND(AE37,4)","=ROUND(AF37,4)","=ROUND(AG37,4)","=ROUND(AH37,4)","=ROUND(AI37,4)","=ROUND(AJ37,4)","=ROUND(AK37,4)","=ROUND(AL37,4)","=ROUND(AM37,4)","=ROUND(AN37,4)","=ROUND(AO37,4)","=ROUND(AP37,4)",,"=IFERROR(VLOOKUP(AR37,'Top WS'!$A$19:$D$28,4),0)","=IFERROR(VLOOKUP(AS37,'Top WS'!$A$19:$D$28,4),0)","=IFERROR(VLOOKUP(AT37,'Top WS'!$A$19:$D$28,4),0)","=IFERROR(VLOOKUP(AU37,'Top WS'!$A$19:$D$28,4),0)","=IFERROR(VLOOKUP(AV37,'Top WS'!$A$19:$D$28,4),0)","=IFERROR(VLOOKUP(AW37,'Top WS'!$A$19:$D$28,4),0)","=IFERROR(VLOOKUP(AX37,'Top WS'!$A$19:$D$28,4),0)","=IFERROR(VLOOKUP(AY37,'Top WS'!$A$19:$D$28,4),0)","=IFERROR(VLOOKUP(AZ37,'Top WS'!$A$19:$D$28,4),0)","=IFERROR(VLOOKUP(BA37,'Top WS'!$A$19:$D$28,4),0)","=IFERROR(VLOOKUP(BB37,'Top WS'!$A$19:$D$28,4),0)","=IFERROR(VLOOKUP(BC37,'Top WS'!$A$19:$D$28,4),0)"
38,1190043401,"=VLOOKUP(A38,'Aji Plus'!$A$2:$D$58,2,0)","=VLOOKUP(A38,'Aji Plus'!$A$2:$D$58,3,0)","=VLOOKUP(A38,'Aji Plus'!$A$2:$D$58,4,0)",853.8926271317836,908.9824740435115,890.7876684763249,964.6899815541425,887.3043559305673,1031.547224714403,1112.2355679826555,1036.2426816112961,766.9899520598296,1064.5555988680014,890.5191514821889,861.9357538093852,,"=VLOOKUP(A38,Actual_RDM!$A$2:$H$63,3,0)","=VLOOKUP(A38,Actual_RDM!$A$2:$H$63,4,0)","=VLOOKUP(A38,Actual_RDM!$A$2:$H$63,5,0)","=VLOOKUP(A38,Actual_RDM!$A$2:$H$63,6,0)","=VLOOKUP(A38,Actual_RDM!$A$2:$H$63,7,0)","=VLOOKUP(A38,Actual_RDM!$A$2:$H$63,8,0)",,,,,,,,=R38/E38,=S38/F38,=T38/G38,=U38/H38,=V38/I38,=W38/J38,=X38/K38,=Y38/L38,=Z38/M38,=AA38/N38,=AB38/O38,=AC38/P38,,"=ROUND(AE38,4)","=ROUND(AF38,4)","=ROUND(AG38,4)","=ROUND(AH38,4)","=ROUND(AI38,4)","=ROUND(AJ38,4)","=ROUND(AK38,4)","=ROUND(AL38,4)","=ROUND(AM38,4)","=ROUND(AN38,4)","=ROUND(AO38,4)","=ROUND(AP38,4)",,"=IFERROR(VLOOKUP(AR38,'Top WS'!$A$19:$D$28,4),0)","=IFERROR(VLOOKUP(AS38,'Top WS'!$A$19:$D$28,4),0)","=IFERROR(VLOOKUP(AT38,'Top WS'!$A$19:$D$28,4),0)","=IFERROR(VLOOKUP(AU38,'Top WS'!$A$19:$D$28,4),0)","=IFERROR(VLOOKUP(AV38,'Top WS'!$A$19:$D$28,4),0)","=IFERROR(VLOOKUP(AW38,'Top WS'!$A$19:$D$28,4),0)","=IFERROR(VLOOKUP(AX38,'Top WS'!$A$19:$D$28,4),0)","=IFERROR(VLOOKUP(AY38,'Top WS'!$A$19:$D$28,4),0)","=IFERROR(VLOOKUP(AZ38,'Top WS'!$A$19:$D$28,4),0)","=IFERROR(VLOOKUP(BA38,'Top WS'!$A$19:$D$28,4),0)","=IFERROR(VLOOKUP(BB38,'Top WS'!$A$19:$D$28,4),0)","=IFERROR(VLOOKUP(BC38,'Top WS'!$A$19:$D$28,4),0)"
39,1190043402,"=VLOOKUP(A39,'Aji Plus'!$A$2:$D$58,2,0)","=VLOOKUP(A39,'Aji Plus'!$A$2:$D$58,3,0)","=VLOOKUP(A39,'Aji Plus'!$A$2:$D$58,4,0)",1634.4302736257616,1739.87738805323,1705.0508301268146,1846.5067625794466,1698.3834444434292,1974.4777729386028,2128.9228012430644,1983.465316169378,1468.0904335995479,2037.658885277076,1704.536863510575,1649.8255696135443,,"=VLOOKUP(A39,Actual_RDM!$A$2:$H$63,3,0)","=VLOOKUP(A39,Actual_RDM!$A$2:$H$63,4,0)","=VLOOKUP(A39,Actual_RDM!$A$2:$H$63,5,0)","=VLOOKUP(A39,Actual_RDM!$A$2:$H$63,6,0)","=VLOOKUP(A39,Actual_RDM!$A$2:$H$63,7,0)","=VLOOKUP(A39,Actual_RDM!$A$2:$H$63,8,0)",,,,,,,,=R39/E39,=S39/F39,=T39/G39,=U39/H39,=V39/I39,=W39/J39,=X39/K39,=Y39/L39,=Z39/M39,=AA39/N39,=AB39/O39,=AC39/P39,,"=ROUND(AE39,4)","=ROUND(AF39,4)","=ROUND(AG39,4)","=ROUND(AH39,4)","=ROUND(AI39,4)","=ROUND(AJ39,4)","=ROUND(AK39,4)","=ROUND(AL39,4)","=ROUND(AM39,4)","=ROUND(AN39,4)","=ROUND(AO39,4)","=ROUND(AP39,4)",,"=IFERROR(VLOOKUP(AR39,'Top WS'!$A$19:$D$28,4),0)","=IFERROR(VLOOKUP(AS39,'Top WS'!$A$19:$D$28,4),0)","=IFERROR(VLOOKUP(AT39,'Top WS'!$A$19:$D$28,4),0)","=IFERROR(VLOOKUP(AU39,'Top WS'!$A$19:$D$28,4),0)","=IFERROR(VLOOKUP(AV39,'Top WS'!$A$19:$D$28,4),0)","=IFERROR(VLOOKUP(AW39,'Top WS'!$A$19:$D$28,4),0)","=IFERROR(VLOOKUP(AX39,'Top WS'!$A$19:$D$28,4),0)","=IFERROR(VLOOKUP(AY39,'Top WS'!$A$19:$D$28,4),0)","=IFERROR(VLOOKUP(AZ39,'Top WS'!$A$19:$D$28,4),0)","=IFERROR(VLOOKUP(BA39,'Top WS'!$A$19:$D$28,4),0)","=IFERROR(VLOOKUP(BB39,'Top WS'!$A$19:$D$28,4),0)","=IFERROR(VLOOKUP(BC39,'Top WS'!$A$19:$D$28,4),0)"
40,1190043501,"=VLOOKUP(A40,'Aji Plus'!$A$2:$D$58,2,0)","=VLOOKUP(A40,'Aji Plus'!$A$2:$D$58,3,0)","=VLOOKUP(A40,'Aji Plus'!$A$2:$D$58,4,0)",1450.6735861612942,1544.2654304297648,1513.3543732277399,1638.90661496371,1507.4365923008236,1752.490025353298,1889.5710172381296,1760.4671117911582,1303.0350994383205,1808.567774458121,1512.8981911523224,1464.338010762943,,"=VLOOKUP(A40,Actual_RDM!$A$2:$H$63,3,0)","=VLOOKUP(A40,Actual_RDM!$A$2:$H$63,4,0)","=VLOOKUP(A40,Actual_RDM!$A$2:$H$63,5,0)","=VLOOKUP(A40,Actual_RDM!$A$2:$H$63,6,0)","=VLOOKUP(A40,Actual_RDM!$A$2:$H$63,7,0)","=VLOOKUP(A40,Actual_RDM!$A$2:$H$63,8,0)",,,,,,,,=R40/E40,=S40/F40,=T40/G40,=U40/H40,=V40/I40,=W40/J40,=X40/K40,=Y40/L40,=Z40/M40,=AA40/N40,=AB40/O40,=AC40/P40,,"=ROUND(AE40,4)","=ROUND(AF40,4)","=ROUND(AG40,4)","=ROUND(AH40,4)","=ROUND(AI40,4)","=ROUND(AJ40,4)","=ROUND(AK40,4)","=ROUND(AL40,4)","=ROUND(AM40,4)","=ROUND(AN40,4)","=ROUND(AO40,4)","=ROUND(AP40,4)",,"=IFERROR(VLOOKUP(AR40,'Top WS'!$A$19:$D$28,4),0)","=IFERROR(VLOOKUP(AS40,'Top WS'!$A$19:$D$28,4),0)","=IFERROR(VLOOKUP(AT40,'Top WS'!$A$19:$D$28,4),0)","=IFERROR(VLOOKUP(AU40,'Top WS'!$A$19:$D$28,4),0)","=IFERROR(VLOOKUP(AV40,'Top WS'!$A$19:$D$28,4),0)","=IFERROR(VLOOKUP(AW40,'Top WS'!$A$19:$D$28,4),0)","=IFERROR(VLOOKUP(AX40,'Top WS'!$A$19:$D$28,4),0)","=IFERROR(VLOOKUP(AY40,'Top WS'!$A$19:$D$28,4),0)","=IFERROR(VLOOKUP(AZ40,'Top WS'!$A$19:$D$28,4),0)","=IFERROR(VLOOKUP(BA40,'Top WS'!$A$19:$D$28,4),0)","=IFERROR(VLOOKUP(BB40,'Top WS'!$A$19:$D$28,4),0)","=IFERROR(VLOOKUP(BC40,'Top WS'!$A$19:$D$28,4),0)"
41,1190043502,"=VLOOKUP(A41,'Aji Plus'!$A$2:$D$58,2,0)","=VLOOKUP(A41,'Aji Plus'!$A$2:$D$58,3,0)","=VLOOKUP(A41,'Aji Plus'!$A$2:$D$58,4,0)",489.62724999038716,521.2161048284767,510.78309213940423,553.159130028107,508.78573944136633,591.4954817781554,637.7626708431544,594.1878854537752,439.7967250973293,610.4226852109423,510.62912285423056,494.2392279737392,,"=VLOOKUP(A41,Actual_RDM!$A$2:$H$63,3,0)","=VLOOKUP(A41,Actual_RDM!$A$2:$H$63,4,0)","=VLOOKUP(A41,Actual_RDM!$A$2:$H$63,5,0)","=VLOOKUP(A41,Actual_RDM!$A$2:$H$63,6,0)","=VLOOKUP(A41,Actual_RDM!$A$2:$H$63,7,0)","=VLOOKUP(A41,Actual_RDM!$A$2:$H$63,8,0)",,,,,,,,=R41/E41,=S41/F41,=T41/G41,=U41/H41,=V41/I41,=W41/J41,=X41/K41,=Y41/L41,=Z41/M41,=AA41/N41,=AB41/O41,=AC41/P41,,"=ROUND(AE41,4)","=ROUND(AF41,4)","=ROUND(AG41,4)","=ROUND(AH41,4)","=ROUND(AI41,4)","=ROUND(AJ41,4)","=ROUND(AK41,4)","=ROUND(AL41,4)","=ROUND(AM41,4)","=ROUND(AN41,4)","=ROUND(AO41,4)","=ROUND(AP41,4)",,"=IFERROR(VLOOKUP(AR41,'Top WS'!$A$19:$D$28,4),0)","=IFERROR(VLOOKUP(AS41,'Top WS'!$A$19:$D$28,4),0)","=IFERROR(VLOOKUP(AT41,'Top WS'!$A$19:$D$28,4),0)","=IFERROR(VLOOKUP(AU41,'Top WS'!$A$19:$D$28,4),0)","=IFERROR(VLOOKUP(AV41,'Top WS'!$A$19:$D$28,4),0)","=IFERROR(VLOOKUP(AW41,'Top WS'!$A$19:$D$28,4),0)","=IFERROR(VLOOKUP(AX41,'Top WS'!$A$19:$D$28,4),0)","=IFERROR(VLOOKUP(AY41,'Top WS'!$A$19:$D$28,4),0)","=IFERROR(VLOOKUP(AZ41,'Top WS'!$A$19:$D$28,4),0)","=IFERROR(VLOOKUP(BA41,'Top WS'!$A$19:$D$28,4),0)","=IFERROR(VLOOKUP(BB41,'Top WS'!$A$19:$D$28,4),0)","=IFERROR(VLOOKUP(BC41,'Top WS'!$A$19:$D$28,4),0)"
42,1190043601,"=VLOOKUP(A42,'Aji Plus'!$A$2:$D$58,2,0)","=VLOOKUP(A42,'Aji Plus'!$A$2:$D$58,3,0)","=VLOOKUP(A42,'Aji Plus'!$A$2:$D$58,4,0)",1119.020096380929,1191.2149413087309,1167.370780541334,1264.2192259728108,1162.8059247072092,1351.8351583603048,1457.5766471516379,1357.988520577476,1005.1347708202363,1395.0923933487466,1167.018890967504,1129.5605555721581,,"=VLOOKUP(A42,Actual_RDM!$A$2:$H$63,3,0)","=VLOOKUP(A42,Actual_RDM!$A$2:$H$63,4,0)","=VLOOKUP(A42,Actual_RDM!$A$2:$H$63,5,0)","=VLOOKUP(A42,Actual_RDM!$A$2:$H$63,6,0)","=VLOOKUP(A42,Actual_RDM!$A$2:$H$63,7,0)","=VLOOKUP(A42,Actual_RDM!$A$2:$H$63,8,0)",,,,,,,,=R42/E42,=S42/F42,=T42/G42,=U42/H42,=V42/I42,=W42/J42,=X42/K42,=Y42/L42,=Z42/M42,=AA42/N42,=AB42/O42,=AC42/P42,,"=ROUND(AE42,4)","=ROUND(AF42,4)","=ROUND(AG42,4)","=ROUND(AH42,4)","=ROUND(AI42,4)","=ROUND(AJ42,4)","=ROUND(AK42,4)","=ROUND(AL42,4)","=ROUND(AM42,4)","=ROUND(AN42,4)","=ROUND(AO42,4)","=ROUND(AP42,4)",,"=IFERROR(VLOOKUP(AR42,'Top WS'!$A$19:$D$28,4),0)","=IFERROR(VLOOKUP(AS42,'Top WS'!$A$19:$D$28,4),0)","=IFERROR(VLOOKUP(AT42,'Top WS'!$A$19:$D$28,4),0)","=IFERROR(VLOOKUP(AU42,'Top WS'!$A$19:$D$28,4),0)","=IFERROR(VLOOKUP(AV42,'Top WS'!$A$19:$D$28,4),0)","=IFERROR(VLOOKUP(AW42,'Top WS'!$A$19:$D$28,4),0)","=IFERROR(VLOOKUP(AX42,'Top WS'!$A$19:$D$28,4),0)","=IFERROR(VLOOKUP(AY42,'Top WS'!$A$19:$D$28,4),0)","=IFERROR(VLOOKUP(AZ42,'Top WS'!$A$19:$D$28,4),0)","=IFERROR(VLOOKUP(BA42,'Top WS'!$A$19:$D$28,4),0)","=IFERROR(VLOOKUP(BB42,'Top WS'!$A$19:$D$28,4),0)","=IFERROR(VLOOKUP(BC42,'Top WS'!$A$19:$D$28,4),0)"
43,1190043602,"=VLOOKUP(A43,'Aji Plus'!$A$2:$D$58,2,0)","=VLOOKUP(A43,'Aji Plus'!$A$2:$D$58,3,0)","=VLOOKUP(A43,'Aji Plus'!$A$2:$D$58,4,0)",638.0630404745729,679.2283979245453,665.6325047265461,720.8552963074114,663.0296329798548,770.813727254257,831.1073145282592,774.3223621913127,573.1258536200164,795.4789168862512,665.4318579891769,644.0731894087205,,"=VLOOKUP(A43,Actual_RDM!$A$2:$H$63,3,0)","=VLOOKUP(A43,Actual_RDM!$A$2:$H$63,4,0)","=VLOOKUP(A43,Actual_RDM!$A$2:$H$63,5,0)","=VLOOKUP(A43,Actual_RDM!$A$2:$H$63,6,0)","=VLOOKUP(A43,Actual_RDM!$A$2:$H$63,7,0)","=VLOOKUP(A43,Actual_RDM!$A$2:$H$63,8,0)",,,,,,,,=R43/E43,=S43/F43,=T43/G43,=U43/H43,=V43/I43,=W43/J43,=X43/K43,=Y43/L43,=Z43/M43,=AA43/N43,=AB43/O43,=AC43/P43,,"=ROUND(AE43,4)","=ROUND(AF43,4)","=ROUND(AG43,4)","=ROUND(AH43,4)","=ROUND(AI43,4)","=ROUND(AJ43,4)","=ROUND(AK43,4)","=ROUND(AL43,4)","=ROUND(AM43,4)","=ROUND(AN43,4)","=ROUND(AO43,4)","=ROUND(AP43,4)",,"=IFERROR(VLOOKUP(AR43,'Top WS'!$A$19:$D$28,4),0)","=IFERROR(VLOOKUP(AS43,'Top WS'!$A$19:$D$28,4),0)","=IFERROR(VLOOKUP(AT43,'Top WS'!$A$19:$D$28,4),0)","=IFERROR(VLOOKUP(AU43,'Top WS'!$A$19:$D$28,4),0)","=IFERROR(VLOOKUP(AV43,'Top WS'!$A$19:$D$28,4),0)","=IFERROR(VLOOKUP(AW43,'Top WS'!$A$19:$D$28,4),0)","=IFERROR(VLOOKUP(AX43,'Top WS'!$A$19:$D$28,4),0)","=IFERROR(VLOOKUP(AY43,'Top WS'!$A$19:$D$28,4),0)","=IFERROR(VLOOKUP(AZ43,'Top WS'!$A$19:$D$28,4),0)","=IFERROR(VLOOKUP(BA43,'Top WS'!$A$19:$D$28,4),0)","=IFERROR(VLOOKUP(BB43,'Top WS'!$A$19:$D$28,4),0)","=IFERROR(VLOOKUP(BC43,'Top WS'!$A$19:$D$28,4),0)"
44,1190043701,"=VLOOKUP(A44,'Aji Plus'!$A$2:$D$58,2,0)","=VLOOKUP(A44,'Aji Plus'!$A$2:$D$58,3,0)","=VLOOKUP(A44,'Aji Plus'!$A$2:$D$58,4,0)",1474,1569,1537,1665,1532,1780,1920,1788,1324,1837,1537,1488,,"=VLOOKUP(A44,Actual_RDM!$A$2:$H$63,3,0)","=VLOOKUP(A44,Actual_RDM!$A$2:$H$63,4,0)","=VLOOKUP(A44,Actual_RDM!$A$2:$H$63,5,0)","=VLOOKUP(A44,Actual_RDM!$A$2:$H$63,6,0)","=VLOOKUP(A44,Actual_RDM!$A$2:$H$63,7,0)","=VLOOKUP(A44,Actual_RDM!$A$2:$H$63,8,0)",,,,,,,,=R44/E44,=S44/F44,=T44/G44,=U44/H44,=V44/I44,=W44/J44,=X44/K44,=Y44/L44,=Z44/M44,=AA44/N44,=AB44/O44,=AC44/P44,,"=ROUND(AE44,4)","=ROUND(AF44,4)","=ROUND(AG44,4)","=ROUND(AH44,4)","=ROUND(AI44,4)","=ROUND(AJ44,4)","=ROUND(AK44,4)","=ROUND(AL44,4)","=ROUND(AM44,4)","=ROUND(AN44,4)","=ROUND(AO44,4)","=ROUND(AP44,4)",,"=IFERROR(VLOOKUP(AR44,'Top WS'!$A$19:$D$28,4),0)","=IFERROR(VLOOKUP(AS44,'Top WS'!$A$19:$D$28,4),0)","=IFERROR(VLOOKUP(AT44,'Top WS'!$A$19:$D$28,4),0)","=IFERROR(VLOOKUP(AU44,'Top WS'!$A$19:$D$28,4),0)","=IFERROR(VLOOKUP(AV44,'Top WS'!$A$19:$D$28,4),0)","=IFERROR(VLOOKUP(AW44,'Top WS'!$A$19:$D$28,4),0)","=IFERROR(VLOOKUP(AX44,'Top WS'!$A$19:$D$28,4),0)","=IFERROR(VLOOKUP(AY44,'Top WS'!$A$19:$D$28,4),0)","=IFERROR(VLOOKUP(AZ44,'Top WS'!$A$19:$D$28,4),0)","=IFERROR(VLOOKUP(BA44,'Top WS'!$A$19:$D$28,4),0)","=IFERROR(VLOOKUP(BB44,'Top WS'!$A$19:$D$28,4),0)","=IFERROR(VLOOKUP(BC44,'Top WS'!$A$19:$D$28,4),0)"
45,1190043702,"=VLOOKUP(A45,'Aji Plus'!$A$2:$D$58,2,0)","=VLOOKUP(A45,'Aji Plus'!$A$2:$D$58,3,0)","=VLOOKUP(A45,'Aji Plus'!$A$2:$D$58,4,0)",680,723,709,768,706,821,885,825,610,847,709,686,,"=VLOOKUP(A45,Actual_RDM!$A$2:$H$63,3,0)","=VLOOKUP(A45,Actual_RDM!$A$2:$H$63,4,0)","=VLOOKUP(A45,Actual_RDM!$A$2:$H$63,5,0)","=VLOOKUP(A45,Actual_RDM!$A$2:$H$63,6,0)","=VLOOKUP(A45,Actual_RDM!$A$2:$H$63,7,0)","=VLOOKUP(A45,Actual_RDM!$A$2:$H$63,8,0)",,,,,,,,=R45/E45,=S45/F45,=T45/G45,=U45/H45,=V45/I45,=W45/J45,=X45/K45,=Y45/L45,=Z45/M45,=AA45/N45,=AB45/O45,=AC45/P45,,"=ROUND(AE45,4)","=ROUND(AF45,4)","=ROUND(AG45,4)","=ROUND(AH45,4)","=ROUND(AI45,4)","=ROUND(AJ45,4)","=ROUND(AK45,4)","=ROUND(AL45,4)","=ROUND(AM45,4)","=ROUND(AN45,4)","=ROUND(AO45,4)","=ROUND(AP45,4)",,"=IFERROR(VLOOKUP(AR45,'Top WS'!$A$19:$D$28,4),0)","=IFERROR(VLOOKUP(AS45,'Top WS'!$A$19:$D$28,4),0)","=IFERROR(VLOOKUP(AT45,'Top WS'!$A$19:$D$28,4),0)","=IFERROR(VLOOKUP(AU45,'Top WS'!$A$19:$D$28,4),0)","=IFERROR(VLOOKUP(AV45,'Top WS'!$A$19:$D$28,4),0)","=IFERROR(VLOOKUP(AW45,'Top WS'!$A$19:$D$28,4),0)","=IFERROR(VLOOKUP(AX45,'Top WS'!$A$19:$D$28,4),0)","=IFERROR(VLOOKUP(AY45,'Top WS'!$A$19:$D$28,4),0)","=IFERROR(VLOOKUP(AZ45,'Top WS'!$A$19:$D$28,4),0)","=IFERROR(VLOOKUP(BA45,'Top WS'!$A$19:$D$28,4),0)","=IFERROR(VLOOKUP(BB45,'Top WS'!$A$19:$D$28,4),0)","=IFERROR(VLOOKUP(BC45,'Top WS'!$A$19:$D$28,4),0)"
46,1190043801,"=VLOOKUP(A46,'Aji Plus'!$A$2:$D$58,2,0)","=VLOOKUP(A46,'Aji Plus'!$A$2:$D$58,3,0)","=VLOOKUP(A46,'Aji Plus'!$A$2:$D$58,4,0)",1251.8794689966523,1253.7520646438686,1230.886686214706,1219.6511123314103,1292.248688844002,1240.742452779,1240.6044720471,1264.3568694670491,1268.2794645596382,1288.8977282121418,1195.5833303814036,1237.8251458759692,,"=VLOOKUP(A46,Actual_RDM!$A$2:$H$63,3,0)","=VLOOKUP(A46,Actual_RDM!$A$2:$H$63,4,0)","=VLOOKUP(A46,Actual_RDM!$A$2:$H$63,5,0)","=VLOOKUP(A46,Actual_RDM!$A$2:$H$63,6,0)","=VLOOKUP(A46,Actual_RDM!$A$2:$H$63,7,0)","=VLOOKUP(A46,Actual_RDM!$A$2:$H$63,8,0)",,,,,,,,=R46/E46,=S46/F46,=T46/G46,=U46/H46,=V46/I46,=W46/J46,=X46/K46,=Y46/L46,=Z46/M46,=AA46/N46,=AB46/O46,=AC46/P46,,"=ROUND(AE46,4)","=ROUND(AF46,4)","=ROUND(AG46,4)","=ROUND(AH46,4)","=ROUND(AI46,4)","=ROUND(AJ46,4)","=ROUND(AK46,4)","=ROUND(AL46,4)","=ROUND(AM46,4)","=ROUND(AN46,4)","=ROUND(AO46,4)","=ROUND(AP46,4)",,"=IFERROR(VLOOKUP(AR46,'Top WS'!$A$19:$D$28,4),0)","=IFERROR(VLOOKUP(AS46,'Top WS'!$A$19:$D$28,4),0)","=IFERROR(VLOOKUP(AT46,'Top WS'!$A$19:$D$28,4),0)","=IFERROR(VLOOKUP(AU46,'Top WS'!$A$19:$D$28,4),0)","=IFERROR(VLOOKUP(AV46,'Top WS'!$A$19:$D$28,4),0)","=IFERROR(VLOOKUP(AW46,'Top WS'!$A$19:$D$28,4),0)","=IFERROR(VLOOKUP(AX46,'Top WS'!$A$19:$D$28,4),0)","=IFERROR(VLOOKUP(AY46,'Top WS'!$A$19:$D$28,4),0)","=IFERROR(VLOOKUP(AZ46,'Top WS'!$A$19:$D$28,4),0)","=IFERROR(VLOOKUP(BA46,'Top WS'!$A$19:$D$28,4),0)","=IFERROR(VLOOKUP(BB46,'Top WS'!$A$19:$D$28,4),0)","=IFERROR(VLOOKUP(BC46,'Top WS'!$A$19:$D$28,4),0)"
47,1190043802,"=VLOOKUP(A47,'Aji Plus'!$A$2:$D$58,2,0)","=VLOOKUP(A47,'Aji Plus'!$A$2:$D$58,3,0)","=VLOOKUP(A47,'Aji Plus'!$A$2:$D$58,4,0)",442.3888814374435,443.05061886047235,434.97045664243694,431.0000321042642,456.65454714652697,438.45328518469347,438.4045255851019,446.79814237194057,448.18430813175866,455.4703854421597,422.49496480407333,437.42236793618554,,"=VLOOKUP(A47,Actual_RDM!$A$2:$H$63,3,0)","=VLOOKUP(A47,Actual_RDM!$A$2:$H$63,4,0)","=VLOOKUP(A47,Actual_RDM!$A$2:$H$63,5,0)","=VLOOKUP(A47,Actual_RDM!$A$2:$H$63,6,0)","=VLOOKUP(A47,Actual_RDM!$A$2:$H$63,7,0)","=VLOOKUP(A47,Actual_RDM!$A$2:$H$63,8,0)",,,,,,,,=R47/E47,=S47/F47,=T47/G47,=U47/H47,=V47/I47,=W47/J47,=X47/K47,=Y47/L47,=Z47/M47,=AA47/N47,=AB47/O47,=AC47/P47,,"=ROUND(AE47,4)","=ROUND(AF47,4)","=ROUND(AG47,4)","=ROUND(AH47,4)","=ROUND(AI47,4)","=ROUND(AJ47,4)","=ROUND(AK47,4)","=ROUND(AL47,4)","=ROUND(AM47,4)","=ROUND(AN47,4)","=ROUND(AO47,4)","=ROUND(AP47,4)",,"=IFERROR(VLOOKUP(AR47,'Top WS'!$A$19:$D$28,4),0)","=IFERROR(VLOOKUP(AS47,'Top WS'!$A$19:$D$28,4),0)","=IFERROR(VLOOKUP(AT47,'Top WS'!$A$19:$D$28,4),0)","=IFERROR(VLOOKUP(AU47,'Top WS'!$A$19:$D$28,4),0)","=IFERROR(VLOOKUP(AV47,'Top WS'!$A$19:$D$28,4),0)","=IFERROR(VLOOKUP(AW47,'Top WS'!$A$19:$D$28,4),0)","=IFERROR(VLOOKUP(AX47,'Top WS'!$A$19:$D$28,4),0)","=IFERROR(VLOOKUP(AY47,'Top WS'!$A$19:$D$28,4),0)","=IFERROR(VLOOKUP(AZ47,'Top WS'!$A$19:$D$28,4),0)","=IFERROR(VLOOKUP(BA47,'Top WS'!$A$19:$D$28,4),0)","=IFERROR(VLOOKUP(BB47,'Top WS'!$A$19:$D$28,4),0)","=IFERROR(VLOOKUP(BC47,'Top WS'!$A$19:$D$28,4),0)"
48,1190043901,"=VLOOKUP(A48,'Aji Plus'!$A$2:$D$58,2,0)","=VLOOKUP(A48,'Aji Plus'!$A$2:$D$58,3,0)","=VLOOKUP(A48,'Aji Plus'!$A$2:$D$58,4,0)",620.688495597769,621.6169384741947,610.2801622988931,604.7095050403395,640.7037693969226,615.1667037537644,615.0982921733962,626.8748570796364,628.8197005786752,639.0423453022663,592.7765708075434,613.7202874831225,,"=VLOOKUP(A48,Actual_RDM!$A$2:$H$63,3,0)","=VLOOKUP(A48,Actual_RDM!$A$2:$H$63,4,0)","=VLOOKUP(A48,Actual_RDM!$A$2:$H$63,5,0)","=VLOOKUP(A48,Actual_RDM!$A$2:$H$63,6,0)","=VLOOKUP(A48,Actual_RDM!$A$2:$H$63,7,0)","=VLOOKUP(A48,Actual_RDM!$A$2:$H$63,8,0)",,,,,,,,=R48/E48,=S48/F48,=T48/G48,=U48/H48,=V48/I48,=W48/J48,=X48/K48,=Y48/L48,=Z48/M48,=AA48/N48,=AB48/O48,=AC48/P48,,"=ROUND(AE48,4)","=ROUND(AF48,4)","=ROUND(AG48,4)","=ROUND(AH48,4)","=ROUND(AI48,4)","=ROUND(AJ48,4)","=ROUND(AK48,4)","=ROUND(AL48,4)","=ROUND(AM48,4)","=ROUND(AN48,4)","=ROUND(AO48,4)","=ROUND(AP48,4)",,"=IFERROR(VLOOKUP(AR48,'Top WS'!$A$19:$D$28,4),0)","=IFERROR(VLOOKUP(AS48,'Top WS'!$A$19:$D$28,4),0)","=IFERROR(VLOOKUP(AT48,'Top WS'!$A$19:$D$28,4),0)","=IFERROR(VLOOKUP(AU48,'Top WS'!$A$19:$D$28,4),0)","=IFERROR(VLOOKUP(AV48,'Top WS'!$A$19:$D$28,4),0)","=IFERROR(VLOOKUP(AW48,'Top WS'!$A$19:$D$28,4),0)","=IFERROR(VLOOKUP(AX48,'Top WS'!$A$19:$D$28,4),0)","=IFERROR(VLOOKUP(AY48,'Top WS'!$A$19:$D$28,4),0)","=IFERROR(VLOOKUP(AZ48,'Top WS'!$A$19:$D$28,4),0)","=IFERROR(VLOOKUP(BA48,'Top WS'!$A$19:$D$28,4),0)","=IFERROR(VLOOKUP(BB48,'Top WS'!$A$19:$D$28,4),0)","=IFERROR(VLOOKUP(BC48,'Top WS'!$A$19:$D$28,4),0)"
49,1190043902,"=VLOOKUP(A49,'Aji Plus'!$A$2:$D$58,2,0)","=VLOOKUP(A49,'Aji Plus'!$A$2:$D$58,3,0)","=VLOOKUP(A49,'Aji Plus'!$A$2:$D$58,4,0)",1311.6796969831287,1313.6417434516125,1289.6841234153912,1277.911844604489,1353.9772882194925,1300.0106837758312,1299.866111930785,1324.7531223994463,1328.8630934229013,1350.4662576969426,1252.6943842042933,1296.954021909141,,"=VLOOKUP(A49,Actual_RDM!$A$2:$H$63,3,0)","=VLOOKUP(A49,Actual_RDM!$A$2:$H$63,4,0)","=VLOOKUP(A49,Actual_RDM!$A$2:$H$63,5,0)","=VLOOKUP(A49,Actual_RDM!$A$2:$H$63,6,0)","=VLOOKUP(A49,Actual_RDM!$A$2:$H$63,7,0)","=VLOOKUP(A49,Actual_RDM!$A$2:$H$63,8,0)",,,,,,,,=R49/E49,=S49/F49,=T49/G49,=U49/H49,=V49/I49,=W49/J49,=X49/K49,=Y49/L49,=Z49/M49,=AA49/N49,=AB49/O49,=AC49/P49,,"=ROUND(AE49,4)","=ROUND(AF49,4)","=ROUND(AG49,4)","=ROUND(AH49,4)","=ROUND(AI49,4)","=ROUND(AJ49,4)","=ROUND(AK49,4)","=ROUND(AL49,4)","=ROUND(AM49,4)","=ROUND(AN49,4)","=ROUND(AO49,4)","=ROUND(AP49,4)",,"=IFERROR(VLOOKUP(AR49,'Top WS'!$A$19:$D$28,4),0)","=IFERROR(VLOOKUP(AS49,'Top WS'!$A$19:$D$28,4),0)","=IFERROR(VLOOKUP(AT49,'Top WS'!$A$19:$D$28,4),0)","=IFERROR(VLOOKUP(AU49,'Top WS'!$A$19:$D$28,4),0)","=IFERROR(VLOOKUP(AV49,'Top WS'!$A$19:$D$28,4),0)","=IFERROR(VLOOKUP(AW49,'Top WS'!$A$19:$D$28,4),0)","=IFERROR(VLOOKUP(AX49,'Top WS'!$A$19:$D$28,4),0)","=IFERROR(VLOOKUP(AY49,'Top WS'!$A$19:$D$28,4),0)","=IFERROR(VLOOKUP(AZ49,'Top WS'!$A$19:$D$28,4),0)","=IFERROR(VLOOKUP(BA49,'Top WS'!$A$19:$D$28,4),0)","=IFERROR(VLOOKUP(BB49,'Top WS'!$A$19:$D$28,4),0)","=IFERROR(VLOOKUP(BC49,'Top WS'!$A$19:$D$28,4),0)"
50,1190044001,"=VLOOKUP(A50,'Aji Plus'!$A$2:$D$58,2,0)","=VLOOKUP(A50,'Aji Plus'!$A$2:$D$58,3,0)","=VLOOKUP(A50,'Aji Plus'!$A$2:$D$58,4,0)",914.9751213671998,916.3437662503661,899.6318918874949,891.4200225884978,944.480223690614,906.835286009422,906.7344384917151,924.0946183255598,926.9615691860868,942.0310696891587,873.8293341427511,904.7030813493317,,"=VLOOKUP(A50,Actual_RDM!$A$2:$H$63,3,0)","=VLOOKUP(A50,Actual_RDM!$A$2:$H$63,4,0)","=VLOOKUP(A50,Actual_RDM!$A$2:$H$63,5,0)","=VLOOKUP(A50,Actual_RDM!$A$2:$H$63,6,0)","=VLOOKUP(A50,Actual_RDM!$A$2:$H$63,7,0)","=VLOOKUP(A50,Actual_RDM!$A$2:$H$63,8,0)",,,,,,,,=R50/E50,=S50/F50,=T50/G50,=U50/H50,=V50/I50,=W50/J50,=X50/K50,=Y50/L50,=Z50/M50,=AA50/N50,=AB50/O50,=AC50/P50,,"=ROUND(AE50,4)","=ROUND(AF50,4)","=ROUND(AG50,4)","=ROUND(AH50,4)","=ROUND(AI50,4)","=ROUND(AJ50,4)","=ROUND(AK50,4)","=ROUND(AL50,4)","=ROUND(AM50,4)","=ROUND(AN50,4)","=ROUND(AO50,4)","=ROUND(AP50,4)",,"=IFERROR(VLOOKUP(AR50,'Top WS'!$A$19:$D$28,4),0)","=IFERROR(VLOOKUP(AS50,'Top WS'!$A$19:$D$28,4),0)","=IFERROR(VLOOKUP(AT50,'Top WS'!$A$19:$D$28,4),0)","=IFERROR(VLOOKUP(AU50,'Top WS'!$A$19:$D$28,4),0)","=IFERROR(VLOOKUP(AV50,'Top WS'!$A$19:$D$28,4),0)","=IFERROR(VLOOKUP(AW50,'Top WS'!$A$19:$D$28,4),0)","=IFERROR(VLOOKUP(AX50,'Top WS'!$A$19:$D$28,4),0)","=IFERROR(VLOOKUP(AY50,'Top WS'!$A$19:$D$28,4),0)","=IFERROR(VLOOKUP(AZ50,'Top WS'!$A$19:$D$28,4),0)","=IFERROR(VLOOKUP(BA50,'Top WS'!$A$19:$D$28,4),0)","=IFERROR(VLOOKUP(BB50,'Top WS'!$A$19:$D$28,4),0)","=IFERROR(VLOOKUP(BC50,'Top WS'!$A$19:$D$28,4),0)"
51,1190044002,"=VLOOKUP(A51,'Aji Plus'!$A$2:$D$58,2,0)","=VLOOKUP(A51,'Aji Plus'!$A$2:$D$58,3,0)","=VLOOKUP(A51,'Aji Plus'!$A$2:$D$58,4,0)",258.81532851441074,259.202471581784,254.47525096964864,252.15239256540966,267.1613180089395,256.51284606108624,256.4843197298061,261.3949239001709,262.20588674656307,266.46853567785064,247.17658535211885,255.9097179140207,,"=VLOOKUP(A51,Actual_RDM!$A$2:$H$63,3,0)","=VLOOKUP(A51,Actual_RDM!$A$2:$H$63,4,0)","=VLOOKUP(A51,Actual_RDM!$A$2:$H$63,5,0)","=VLOOKUP(A51,Actual_RDM!$A$2:$H$63,6,0)","=VLOOKUP(A51,Actual_RDM!$A$2:$H$63,7,0)","=VLOOKUP(A51,Actual_RDM!$A$2:$H$63,8,0)",,,,,,,,=R51/E51,=S51/F51,=T51/G51,=U51/H51,=V51/I51,=W51/J51,=X51/K51,=Y51/L51,=Z51/M51,=AA51/N51,=AB51/O51,=AC51/P51,,"=ROUND(AE51,4)","=ROUND(AF51,4)","=ROUND(AG51,4)","=ROUND(AH51,4)","=ROUND(AI51,4)","=ROUND(AJ51,4)","=ROUND(AK51,4)","=ROUND(AL51,4)","=ROUND(AM51,4)","=ROUND(AN51,4)","=ROUND(AO51,4)","=ROUND(AP51,4)",,"=IFERROR(VLOOKUP(AR51,'Top WS'!$A$19:$D$28,4),0)","=IFERROR(VLOOKUP(AS51,'Top WS'!$A$19:$D$28,4),0)","=IFERROR(VLOOKUP(AT51,'Top WS'!$A$19:$D$28,4),0)","=IFERROR(VLOOKUP(AU51,'Top WS'!$A$19:$D$28,4),0)","=IFERROR(VLOOKUP(AV51,'Top WS'!$A$19:$D$28,4),0)","=IFERROR(VLOOKUP(AW51,'Top WS'!$A$19:$D$28,4),0)","=IFERROR(VLOOKUP(AX51,'Top WS'!$A$19:$D$28,4),0)","=IFERROR(VLOOKUP(AY51,'Top WS'!$A$19:$D$28,4),0)","=IFERROR(VLOOKUP(AZ51,'Top WS'!$A$19:$D$28,4),0)","=IFERROR(VLOOKUP(BA51,'Top WS'!$A$19:$D$28,4),0)","=IFERROR(VLOOKUP(BB51,'Top WS'!$A$19:$D$28,4),0)","=IFERROR(VLOOKUP(BC51,'Top WS'!$A$19:$D$28,4),0)"
52,1190044101,"=VLOOKUP(A52,'Aji Plus'!$A$2:$D$58,2,0)","=VLOOKUP(A52,'Aji Plus'!$A$2:$D$58,3,0)","=VLOOKUP(A52,'Aji Plus'!$A$2:$D$58,4,0)",1715,1718.5565640620894,1687.2142857142862,1671.8133385951069,1771.3250723493823,1700.723888450408,1700.5347540121022,1733.0928966061567,1738.469718495133,1766.7318074191005,1638.8228887134962,1696.725046040516,,"=VLOOKUP(A52,Actual_RDM!$A$2:$H$63,3,0)","=VLOOKUP(A52,Actual_RDM!$A$2:$H$63,4,0)","=VLOOKUP(A52,Actual_RDM!$A$2:$H$63,5,0)","=VLOOKUP(A52,Actual_RDM!$A$2:$H$63,6,0)","=VLOOKUP(A52,Actual_RDM!$A$2:$H$63,7,0)","=VLOOKUP(A52,Actual_RDM!$A$2:$H$63,8,0)",,,,,,,,=R52/E52,=S52/F52,=T52/G52,=U52/H52,=V52/I52,=W52/J52,=X52/K52,=Y52/L52,=Z52/M52,=AA52/N52,=AB52/O52,=AC52/P52,,"=ROUND(AE52,4)","=ROUND(AF52,4)","=ROUND(AG52,4)","=ROUND(AH52,4)","=ROUND(AI52,4)","=ROUND(AJ52,4)","=ROUND(AK52,4)","=ROUND(AL52,4)","=ROUND(AM52,4)","=ROUND(AN52,4)","=ROUND(AO52,4)","=ROUND(AP52,4)",,"=IFERROR(VLOOKUP(AR52,'Top WS'!$A$19:$D$28,4),0)","=IFERROR(VLOOKUP(AS52,'Top WS'!$A$19:$D$28,4),0)","=IFERROR(VLOOKUP(AT52,'Top WS'!$A$19:$D$28,4),0)","=IFERROR(VLOOKUP(AU52,'Top WS'!$A$19:$D$28,4),0)","=IFERROR(VLOOKUP(AV52,'Top WS'!$A$19:$D$28,4),0)","=IFERROR(VLOOKUP(AW52,'Top WS'!$A$19:$D$28,4),0)","=IFERROR(VLOOKUP(AX52,'Top WS'!$A$19:$D$28,4),0)","=IFERROR(VLOOKUP(AY52,'Top WS'!$A$19:$D$28,4),0)","=IFERROR(VLOOKUP(AZ52,'Top WS'!$A$19:$D$28,4),0)","=IFERROR(VLOOKUP(BA52,'Top WS'!$A$19:$D$28,4),0)","=IFERROR(VLOOKUP(BB52,'Top WS'!$A$19:$D$28,4),0)","=IFERROR(VLOOKUP(BC52,'Top WS'!$A$19:$D$28,4),0)"
53,1190054201,"=VLOOKUP(A53,'Aji Plus'!$A$2:$D$58,2,0)","=VLOOKUP(A53,'Aji Plus'!$A$2:$D$58,3,0)","=VLOOKUP(A53,'Aji Plus'!$A$2:$D$58,4,0)",2272.464272567131,2305.385097572694,2270.493659802715,2374.5594015236466,2060.913196387014,2487.0292270928303,2845.1011582272845,2145.475667660108,2099.91973728269,2975.451396673608,2003.4466506246627,2027.7605345856368,,"=VLOOKUP(A53,Actual_RDM!$A$2:$H$63,3,0)","=VLOOKUP(A53,Actual_RDM!$A$2:$H$63,4,0)","=VLOOKUP(A53,Actual_RDM!$A$2:$H$63,5,0)","=VLOOKUP(A53,Actual_RDM!$A$2:$H$63,6,0)","=VLOOKUP(A53,Actual_RDM!$A$2:$H$63,7,0)","=VLOOKUP(A53,Actual_RDM!$A$2:$H$63,8,0)",,,,,,,,=R53/E53,=S53/F53,=T53/G53,=U53/H53,=V53/I53,=W53/J53,=X53/K53,=Y53/L53,=Z53/M53,=AA53/N53,=AB53/O53,=AC53/P53,,"=ROUND(AE53,4)","=ROUND(AF53,4)","=ROUND(AG53,4)","=ROUND(AH53,4)","=ROUND(AI53,4)","=ROUND(AJ53,4)","=ROUND(AK53,4)","=ROUND(AL53,4)","=ROUND(AM53,4)","=ROUND(AN53,4)","=ROUND(AO53,4)","=ROUND(AP53,4)",,"=IFERROR(VLOOKUP(AR53,'Top WS'!$A$19:$D$28,4),0)","=IFERROR(VLOOKUP(AS53,'Top WS'!$A$19:$D$28,4),0)","=IFERROR(VLOOKUP(AT53,'Top WS'!$A$19:$D$28,4),0)","=IFERROR(VLOOKUP(AU53,'Top WS'!$A$19:$D$28,4),0)","=IFERROR(VLOOKUP(AV53,'Top WS'!$A$19:$D$28,4),0)","=IFERROR(VLOOKUP(AW53,'Top WS'!$A$19:$D$28,4),0)","=IFERROR(VLOOKUP(AX53,'Top WS'!$A$19:$D$28,4),0)","=IFERROR(VLOOKUP(AY53,'Top WS'!$A$19:$D$28,4),0)","=IFERROR(VLOOKUP(AZ53,'Top WS'!$A$19:$D$28,4),0)","=IFERROR(VLOOKUP(BA53,'Top WS'!$A$19:$D$28,4),0)","=IFERROR(VLOOKUP(BB53,'Top WS'!$A$19:$D$28,4),0)","=IFERROR(VLOOKUP(BC53,'Top WS'!$A$19:$D$28,4),0)"
54,1190054202,"=VLOOKUP(A54,'Aji Plus'!$A$2:$D$58,2,0)","=VLOOKUP(A54,'Aji Plus'!$A$2:$D$58,3,0)","=VLOOKUP(A54,'Aji Plus'!$A$2:$D$58,4,0)",994.9981718768528,1009.41255061655,994.1353393466601,1039.700510169066,902.3705620178823,1088.9454079584727,1245.727154180039,939.3962285341121,919.449570630235,1302.8009883095797,877.2088427918089,887.8546735687506,,"=VLOOKUP(A54,Actual_RDM!$A$2:$H$63,3,0)","=VLOOKUP(A54,Actual_RDM!$A$2:$H$63,4,0)","=VLOOKUP(A54,Actual_RDM!$A$2:$H$63,5,0)","=VLOOKUP(A54,Actual_RDM!$A$2:$H$63,6,0)","=VLOOKUP(A54,Actual_RDM!$A$2:$H$63,7,0)","=VLOOKUP(A54,Actual_RDM!$A$2:$H$63,8,0)",,,,,,,,=R54/E54,=S54/F54,=T54/G54,=U54/H54,=V54/I54,=W54/J54,=X54/K54,=Y54/L54,=Z54/M54,=AA54/N54,=AB54/O54,=AC54/P54,,"=ROUND(AE54,4)","=ROUND(AF54,4)","=ROUND(AG54,4)","=ROUND(AH54,4)","=ROUND(AI54,4)","=ROUND(AJ54,4)","=ROUND(AK54,4)","=ROUND(AL54,4)","=ROUND(AM54,4)","=ROUND(AN54,4)","=ROUND(AO54,4)","=ROUND(AP54,4)",,"=IFERROR(VLOOKUP(AR54,'Top WS'!$A$19:$D$28,4),0)","=IFERROR(VLOOKUP(AS54,'Top WS'!$A$19:$D$28,4),0)","=IFERROR(VLOOKUP(AT54,'Top WS'!$A$19:$D$28,4),0)","=IFERROR(VLOOKUP(AU54,'Top WS'!$A$19:$D$28,4),0)","=IFERROR(VLOOKUP(AV54,'Top WS'!$A$19:$D$28,4),0)","=IFERROR(VLOOKUP(AW54,'Top WS'!$A$19:$D$28,4),0)","=IFERROR(VLOOKUP(AX54,'Top WS'!$A$19:$D$28,4),0)","=IFERROR(VLOOKUP(AY54,'Top WS'!$A$19:$D$28,4),0)","=IFERROR(VLOOKUP(AZ54,'Top WS'!$A$19:$D$28,4),0)","=IFERROR(VLOOKUP(BA54,'Top WS'!$A$19:$D$28,4),0)","=IFERROR(VLOOKUP(BB54,'Top WS'!$A$19:$D$28,4),0)","=IFERROR(VLOOKUP(BC54,'Top WS'!$A$19:$D$28,4),0)"
55,1190054301,"=VLOOKUP(A55,'Aji Plus'!$A$2:$D$58,2,0)","=VLOOKUP(A55,'Aji Plus'!$A$2:$D$58,3,0)","=VLOOKUP(A55,'Aji Plus'!$A$2:$D$58,4,0)",1000,1100,1200,1200,1100,1300,1100,1200,1200,1200,1000,850,,"=VLOOKUP(A55,Actual_RDM!$A$2:$H$63,3,0)","=VLOOKUP(A55,Actual_RDM!$A$2:$H$63,4,0)","=VLOOKUP(A55,Actual_RDM!$A$2:$H$63,5,0)","=VLOOKUP(A55,Actual_RDM!$A$2:$H$63,6,0)","=VLOOKUP(A55,Actual_RDM!$A$2:$H$63,7,0)","=VLOOKUP(A55,Actual_RDM!$A$2:$H$63,8,0)",,,,,,,,=R55/E55,=S55/F55,=T55/G55,=U55/H55,=V55/I55,=W55/J55,=X55/K55,=Y55/L55,=Z55/M55,=AA55/N55,=AB55/O55,=AC55/P55,,"=ROUND(AE55,4)","=ROUND(AF55,4)","=ROUND(AG55,4)","=ROUND(AH55,4)","=ROUND(AI55,4)","=ROUND(AJ55,4)","=ROUND(AK55,4)","=ROUND(AL55,4)","=ROUND(AM55,4)","=ROUND(AN55,4)","=ROUND(AO55,4)","=ROUND(AP55,4)",,"=IFERROR(VLOOKUP(AR55,'Top WS'!$A$19:$D$28,4),0)","=IFERROR(VLOOKUP(AS55,'Top WS'!$A$19:$D$28,4),0)","=IFERROR(VLOOKUP(AT55,'Top WS'!$A$19:$D$28,4),0)","=IFERROR(VLOOKUP(AU55,'Top WS'!$A$19:$D$28,4),0)","=IFERROR(VLOOKUP(AV55,'Top WS'!$A$19:$D$28,4),0)","=IFERROR(VLOOKUP(AW55,'Top WS'!$A$19:$D$28,4),0)","=IFERROR(VLOOKUP(AX55,'Top WS'!$A$19:$D$28,4),0)","=IFERROR(VLOOKUP(AY55,'Top WS'!$A$19:$D$28,4),0)","=IFERROR(VLOOKUP(AZ55,'Top WS'!$A$19:$D$28,4),0)","=IFERROR(VLOOKUP(BA55,'Top WS'!$A$19:$D$28,4),0)","=IFERROR(VLOOKUP(BB55,'Top WS'!$A$19:$D$28,4),0)","=IFERROR(VLOOKUP(BC55,'Top WS'!$A$19:$D$28,4),0)"
56,1190054401,"=VLOOKUP(A56,'Aji Plus'!$A$2:$D$58,2,0)","=VLOOKUP(A56,'Aji Plus'!$A$2:$D$58,3,0)","=VLOOKUP(A56,'Aji Plus'!$A$2:$D$58,4,0)",3730,3970,3890,4210,3870,4500,4850,4520,3530,4640,3680,3760,,"=VLOOKUP(A56,Actual_RDM!$A$2:$H$63,3,0)","=VLOOKUP(A56,Actual_RDM!$A$2:$H$63,4,0)","=VLOOKUP(A56,Actual_RDM!$A$2:$H$63,5,0)","=VLOOKUP(A56,Actual_RDM!$A$2:$H$63,6,0)","=VLOOKUP(A56,Actual_RDM!$A$2:$H$63,7,0)","=VLOOKUP(A56,Actual_RDM!$A$2:$H$63,8,0)",,,,,,,,=R56/E56,=S56/F56,=T56/G56,=U56/H56,=V56/I56,=W56/J56,=X56/K56,=Y56/L56,=Z56/M56,=AA56/N56,=AB56/O56,=AC56/P56,,"=ROUND(AE56,4)","=ROUND(AF56,4)","=ROUND(AG56,4)","=ROUND(AH56,4)","=ROUND(AI56,4)","=ROUND(AJ56,4)","=ROUND(AK56,4)","=ROUND(AL56,4)","=ROUND(AM56,4)","=ROUND(AN56,4)","=ROUND(AO56,4)","=ROUND(AP56,4)",,"=IFERROR(VLOOKUP(AR56,'Top WS'!$A$19:$D$28,4),0)","=IFERROR(VLOOKUP(AS56,'Top WS'!$A$19:$D$28,4),0)","=IFERROR(VLOOKUP(AT56,'Top WS'!$A$19:$D$28,4),0)","=IFERROR(VLOOKUP(AU56,'Top WS'!$A$19:$D$28,4),0)","=IFERROR(VLOOKUP(AV56,'Top WS'!$A$19:$D$28,4),0)","=IFERROR(VLOOKUP(AW56,'Top WS'!$A$19:$D$28,4),0)","=IFERROR(VLOOKUP(AX56,'Top WS'!$A$19:$D$28,4),0)","=IFERROR(VLOOKUP(AY56,'Top WS'!$A$19:$D$28,4),0)","=IFERROR(VLOOKUP(AZ56,'Top WS'!$A$19:$D$28,4),0)","=IFERROR(VLOOKUP(BA56,'Top WS'!$A$19:$D$28,4),0)","=IFERROR(VLOOKUP(BB56,'Top WS'!$A$19:$D$28,4),0)","=IFERROR(VLOOKUP(BC56,'Top WS'!$A$19:$D$28,4),0)"
57,1190054501,"=VLOOKUP(A57,'Aji Plus'!$A$2:$D$58,2,0)","=VLOOKUP(A57,'Aji Plus'!$A$2:$D$58,3,0)","=VLOOKUP(A57,'Aji Plus'!$A$2:$D$58,4,0)",850,800,800,800,800,800,800,900,950,910,900,900,,"=VLOOKUP(A57,Actual_RDM!$A$2:$H$63,3,0)","=VLOOKUP(A57,Actual_RDM!$A$2:$H$63,4,0)","=VLOOKUP(A57,Actual_RDM!$A$2:$H$63,5,0)","=VLOOKUP(A57,Actual_RDM!$A$2:$H$63,6,0)","=VLOOKUP(A57,Actual_RDM!$A$2:$H$63,7,0)","=VLOOKUP(A57,Actual_RDM!$A$2:$H$63,8,0)",,,,,,,,=R57/E57,=S57/F57,=T57/G57,=U57/H57,=V57/I57,=W57/J57,=X57/K57,=Y57/L57,=Z57/M57,=AA57/N57,=AB57/O57,=AC57/P57,,"=ROUND(AE57,4)","=ROUND(AF57,4)","=ROUND(AG57,4)","=ROUND(AH57,4)","=ROUND(AI57,4)","=ROUND(AJ57,4)","=ROUND(AK57,4)","=ROUND(AL57,4)","=ROUND(AM57,4)","=ROUND(AN57,4)","=ROUND(AO57,4)","=ROUND(AP57,4)",,"=IFERROR(VLOOKUP(AR57,'Top WS'!$A$19:$D$28,4),0)","=IFERROR(VLOOKUP(AS57,'Top WS'!$A$19:$D$28,4),0)","=IFERROR(VLOOKUP(AT57,'Top WS'!$A$19:$D$28,4),0)","=IFERROR(VLOOKUP(AU57,'Top WS'!$A$19:$D$28,4),0)","=IFERROR(VLOOKUP(AV57,'Top WS'!$A$19:$D$28,4),0)","=IFERROR(VLOOKUP(AW57,'Top WS'!$A$19:$D$28,4),0)","=IFERROR(VLOOKUP(AX57,'Top WS'!$A$19:$D$28,4),0)","=IFERROR(VLOOKUP(AY57,'Top WS'!$A$19:$D$28,4),0)","=IFERROR(VLOOKUP(AZ57,'Top WS'!$A$19:$D$28,4),0)","=IFERROR(VLOOKUP(BA57,'Top WS'!$A$19:$D$28,4),0)","=IFERROR(VLOOKUP(BB57,'Top WS'!$A$19:$D$28,4),0)","=IFERROR(VLOOKUP(BC57,'Top WS'!$A$19:$D$28,4),0)"
58,1190054601,"=VLOOKUP(A58,'Aji Plus'!$A$2:$D$58,2,0)","=VLOOKUP(A58,'Aji Plus'!$A$2:$D$58,3,0)","=VLOOKUP(A58,'Aji Plus'!$A$2:$D$58,4,0)",3830.4012754328874,3875.39577458251,2814.601550065922,3722.3166633452106,2596.4760433188485,2814.7971783230946,3116.3581367541283,2994.579546664391,1993.451940585354,3279.2186608500383,2642.4486837543254,2149.9545463231652,,"=VLOOKUP(A58,Actual_RDM!$A$2:$H$63,3,0)","=VLOOKUP(A58,Actual_RDM!$A$2:$H$63,4,0)","=VLOOKUP(A58,Actual_RDM!$A$2:$H$63,5,0)","=VLOOKUP(A58,Actual_RDM!$A$2:$H$63,6,0)","=VLOOKUP(A58,Actual_RDM!$A$2:$H$63,7,0)","=VLOOKUP(A58,Actual_RDM!$A$2:$H$63,8,0)",,,,,,,,=R58/E58,=S58/F58,=T58/G58,=U58/H58,=V58/I58,=W58/J58,=X58/K58,=Y58/L58,=Z58/M58,=AA58/N58,=AB58/O58,=AC58/P58,,"=ROUND(AE58,4)","=ROUND(AF58,4)","=ROUND(AG58,4)","=ROUND(AH58,4)","=ROUND(AI58,4)","=ROUND(AJ58,4)","=ROUND(AK58,4)","=ROUND(AL58,4)","=ROUND(AM58,4)","=ROUND(AN58,4)","=ROUND(AO58,4)","=ROUND(AP58,4)",,"=IFERROR(VLOOKUP(AR58,'Top WS'!$A$19:$D$28,4),0)","=IFERROR(VLOOKUP(AS58,'Top WS'!$A$19:$D$28,4),0)","=IFERROR(VLOOKUP(AT58,'Top WS'!$A$19:$D$28,4),0)","=IFERROR(VLOOKUP(AU58,'Top WS'!$A$19:$D$28,4),0)","=IFERROR(VLOOKUP(AV58,'Top WS'!$A$19:$D$28,4),0)","=IFERROR(VLOOKUP(AW58,'Top WS'!$A$19:$D$28,4),0)","=IFERROR(VLOOKUP(AX58,'Top WS'!$A$19:$D$28,4),0)","=IFERROR(VLOOKUP(AY58,'Top WS'!$A$19:$D$28,4),0)","=IFERROR(VLOOKUP(AZ58,'Top WS'!$A$19:$D$28,4),0)","=IFERROR(VLOOKUP(BA58,'Top WS'!$A$19:$D$28,4),0)","=IFERROR(VLOOKUP(BB58,'Top WS'!$A$19:$D$28,4),0)","=IFERROR(VLOOKUP(BC58,'Top WS'!$A$19:$D$28,4),0)"
